auroc,brier,ece,calibration_slope,sharpness,high_confidence_error,mean_prediction,model,training_n,regime,seed
0.8185200702148708,0.16549259030329685,0.054343234755071586,0.6860805118920436,0.8091508009484147,0.09250902527075812,0.3562775763876428,Logistic regression,250,reference,0
0.7188283642582857,0.24077690146285363,0.21943659603820562,0.39481537058030547,0.7945358119812802,0.2213072568193515,0.5515651785691577,Logistic regression,250,novel,0
0.7934863208192077,0.17389210187327334,0.030423421910097413,1.137642323625341,0.7295681262810833,0.06093189964157706,0.33586386284965464,Random forest,250,reference,0
0.7391566584081106,0.24283851010660312,0.2782557195314182,0.870845523546743,0.6894080317506532,0.2147239263803681,0.47741094713524845,Random forest,250,novel,0
0.7772969962701862,0.19932477487198677,0.13034989400968294,0.3782471137237322,0.8615452274570587,0.1721411192214112,0.34399302258091713,Gradient boosting,250,reference,0
0.6884318332128752,0.2862846024114787,0.2710741335085918,0.22611912551938965,0.8539506895787172,0.3048549810844893,0.5427373328960321,Gradient boosting,250,novel,0
0.8014032710980914,0.1731668045821425,0.06256770925671157,1.5062828770234613,0.6909687195064865,0.052083333333333336,0.3812849188582743,Neural network,250,reference,0
0.6809088644174589,0.25088832409676337,0.2672937656420932,0.7326424979226556,0.6735363663602818,0.14814814814814814,0.48837290102457354,Neural network,250,novel,0
0.8302097197037702,0.15774980216927803,0.02411719968534258,0.8358562005412368,0.7927838663520093,0.06705385427666315,0.3506931302338009,Logistic regression,500,reference,0
0.7428355472160924,0.23039042189972792,0.21895417976538106,0.5145238563571524,0.7755909448443868,0.19235668789808918,0.5391958361911913,Logistic regression,500,novel,0
0.8044929795514523,0.16911227119207092,0.027380694539105258,1.154102930309112,0.7339636765393434,0.05705059203444564,0.34010136365108634,Random forest,500,reference,0
0.742170569972757,0.24232364285342003,0.2771609559295981,0.8604815152748669,0.6954196389814176,0.18382352941176472,0.4785057107370685,Random forest,500,novel,0
0.7865550031760904,0.18475401844316722,0.09073850224103042,0.49747290209562395,0.8307285631848472,0.1396813634679511,0.3370110345532259,Gradient boosting,500,reference,0
0.6874804042339492,0.28549760730058327,0.2668368639518479,0.2708826765913937,0.8199997439295524,0.33319755600814666,0.5103330920692212,Gradient boosting,500,novel,0
0.641891329695033,0.22608885599530978,0.10506316952434205,2.0968501902424332,0.5677701638089913,,0.4479335066666998,Neural network,500,reference,0
0.5585879554266656,0.26940745092835106,0.29223032697208606,0.7391551659653938,0.5683025683003358,,0.4634363396945806,Neural network,500,novel,0
0.8337799653030922,0.15560566936252082,0.019002056989531474,0.8756184213079471,0.7905020569895315,0.061883899233296825,0.34634735320676485,Logistic regression,1000,reference,0
0.767760609395978,0.21367798268146088,0.2055553474160385,0.6041505842724403,0.7717117728500779,0.16202203499675957,0.5501113192506282,Logistic regression,1000,novel,0
0.8138258832970395,0.16524754599211333,0.026061570651692494,1.1071891254157586,0.7448852590553479,0.05860805860805861,0.3387028867976698,Random forest,1000,reference,0
0.7518953355908458,0.23171535471120866,0.2621847310964743,0.8681420223018887,0.7008822805176105,0.1350293542074364,0.4934819355701923,Random forest,1000,novel,0
0.8044785622152653,0.17290849388817617,0.06474706620152393,0.6176453122836514,0.8141647260688241,0.1062634989200864,0.3394108781862567,Gradient boosting,1000,reference,0
0.7304380846007519,0.2460306751890036,0.23801746251979158,0.42586105073032904,0.7938713454487181,0.2362042289840124,0.5315178695483727,Gradient boosting,1000,novel,0
0.793380512233293,0.17945929870996555,0.08622880298457669,1.8157229708955416,0.6724668301618858,0.038461538461538464,0.3723291737890383,Neural network,1000,reference,0
0.7116517252398281,0.2483226541511962,0.2832752985922646,1.1206655212126213,0.6449472269754896,0.4,0.47239136807440213,Neural network,1000,novel,0
0.8369159802853924,0.1540158567473525,0.017184294606629586,0.9105902560548739,0.7889177743706427,0.06215621562156216,0.34034043881279946,Logistic regression,2000,reference,0
0.7820681514414962,0.20912184390994518,0.20931854758047264,0.6634264659439865,0.7689589492748458,0.1429539295392954,0.5463481190861941,Logistic regression,2000,novel,0
0.8201879605224012,0.16189890269233248,0.02221129512486711,1.115863628433937,0.749370183838829,0.05536626916524702,0.3365432942940416,Random forest,2000,reference,0
0.7781607331238706,0.219385586983043,0.2520703311914694,0.9259915655197983,0.7105754213814148,0.13458262350936967,0.5035963354751972,Random forest,2000,novel,0
0.8177481318247912,0.16407540741807586,0.03736858426130306,0.7390571947898863,0.7979781101234064,0.07893438579181056,0.34050827939280204,Gradient boosting,2000,reference,0
0.7601867893996008,0.22469142047805984,0.21926367072005007,0.5388010835760129,0.7787548839092142,0.1827893175074184,0.538552915746843,Gradient boosting,2000,novel,0
0.8176650488704933,0.16349027275727573,0.038554832518587726,1.2714003066639388,0.7300257163611392,0.03747870528109029,0.35730406971720147,Neural network,2000,reference,0
0.7425827956846889,0.22860651448787242,0.24771401155955564,0.8447128884120719,0.7049973224958879,0.1368421052631579,0.5079526551071111,Neural network,2000,novel,0
0.8385488046989764,0.15306764015255941,0.013281884371773205,0.9313111889382045,0.7836855471154561,0.06191588785046729,0.3535263501857328,Logistic regression,4000,reference,0
0.7886777544350371,0.20021548117641205,0.19698821937787625,0.6958787093356069,0.7682317171143104,0.1306122448979592,0.5586784472887905,Logistic regression,4000,novel,0
0.8213919302748298,0.16042195328392647,0.017525484336660787,1.0602504041134577,0.7524042616768502,0.05774058577405858,0.3518889059481954,Random forest,4000,reference,0
0.7912505543984483,0.20421977197349467,0.22795043323866307,0.9159896376485177,0.7226826786055147,0.11931818181818182,0.5277162334280036,Random forest,4000,novel,0
0.8249882003877773,0.15913227971119356,0.023713407685669537,0.839652399964763,0.7858045137909927,0.06958473625140292,0.353161350824634,Gradient boosting,4000,reference,0
0.780292872828067,0.20606039393197845,0.20435370825482374,0.6503431241514356,0.7662694470045829,0.146011396011396,0.551312958411843,Gradient boosting,4000,novel,0
0.8355901962602651,0.1543775757022396,0.017053449139286796,0.8853895825166955,0.7901259932914354,0.06324972737186478,0.3552920806595398,Neural network,4000,reference,0
0.7803240154274721,0.20355356592554608,0.19582224172205193,0.6576379940404924,0.7724314457865327,0.14442162902121836,0.5598444249446147,Neural network,4000,novel,0
0.8387484481509218,0.15290311937775608,0.010951531572938555,0.9603914371729836,0.7791335221087581,0.05813953488372093,0.35573426721241336,Logistic regression,8000,reference,0
0.7982383820050538,0.19289070759948787,0.19163046568534164,0.7533999677261658,0.7643157713194554,0.10685920577617329,0.5640362009813251,Logistic regression,8000,novel,0
0.824730643229454,0.1591263457034834,0.019741420343429572,1.0578796105372554,0.7546208929083089,0.05314009661835749,0.354758001544609,Random forest,8000,reference,0
0.7931964402955749,0.20030309517228212,0.22122914065458138,0.9255768813653117,0.7234288495853677,0.1059322033898305,0.5344375260120853,Random forest,8000,novel,0
0.829867491240552,0.15686861809626715,0.01212387436132288,0.9292485696485184,0.7768816255956145,0.05798004987531172,0.354102885551542,Gradient boosting,8000,reference,0
0.7918687425190059,0.19844088439473012,0.20259944098044078,0.7578351749842804,0.7560622139121796,0.11715481171548117,0.5530672256862259,Gradient boosting,8000,novel,0
0.8327108831705823,0.15543438346829486,0.010058403941947146,0.9439983109631876,0.7801787068728661,0.05987261146496815,0.3573830234376329,Neural network,8000,reference,0
0.7814591406086859,0.20190169510933226,0.2004243890077979,0.7361845087934614,0.7592063957104157,0.12446351931330472,0.5552422776588687,Neural network,8000,novel,0
0.8199487884426215,0.16584598730969524,0.05941449643972768,0.9258494851600672,0.792654234528008,0.08210526315789474,0.29591883689360565,Logistic regression,250,reference,1
0.8006810125723535,0.23066175729602917,0.2693065688346845,0.8043573993846584,0.7548331823652171,0.18434343434343434,0.48869343116531544,Logistic regression,250,novel,1
0.7797544095876883,0.18264094361846142,0.06034628276723063,1.13953916538029,0.7409650302279885,0.08181818181818182,0.29498705056610275,Random forest,250,reference,1
0.7910859312724269,0.26236618411251533,0.3363240940951177,1.2612137467896893,0.6724608752353668,0.18587360594795538,0.42167590590488224,Random forest,250,novel,1
0.7654461682036278,0.20211947511500125,0.13003846114649587,0.41020252702063686,0.8503742181872276,0.17070805043646944,0.27180669917297134,Gradient boosting,250,reference,1
0.7739870218132392,0.26875632985995024,0.2981956821543144,0.466480076075547,0.799923616241325,0.31636183885318836,0.4631182509807727,Gradient boosting,250,novel,1
0.5868430728098546,0.23725319368172929,0.11875813502008412,1.555336200231816,0.5479405568352697,,0.4701255176292114,Neural network,250,reference,1
0.5196633824452246,0.2648591930315022,0.2827869676738509,0.3777564282357173,0.5508146615035437,,0.4752130323261491,Neural network,250,novel,1
0.8265435254583235,0.15961034249604722,0.027199344968370766,1.0152382359092347,0.7740691039362482,0.058437294812869335,0.32813398836496255,Logistic regression,500,reference,1
0.7983303592412492,0.2120965569443274,0.2384223494160649,0.8377495366017284,0.7460297149067333,0.12906309751434034,0.5195776505839352,Logistic regression,500,novel,1
0.7897407360339612,0.17581207030654564,0.03127632889048735,1.1431802316180015,0.7256661289049648,0.07582417582417582,0.3300081851547297,Random forest,500,reference,1
0.7754811850818087,0.2387493021775653,0.2976086477101585,1.1809719055810746,0.6661849644319762,0.1592920353982301,0.4603913522898415,Random forest,500,novel,1
0.7830725139742845,0.18427001717951036,0.07833116132218905,0.5657604287419071,0.8139978279888557,0.1281725888324873,0.31794295785937726,Gradient boosting,500,reference,1
0.7544191919191919,0.24926674497950538,0.26231428494366177,0.5340237653346263,0.773660179137859,0.23042647994907703,0.4956857150563382,Gradient boosting,500,novel,1
0.6854460566421748,0.21636591499552563,0.09203569622269371,2.715417734287882,0.5954643037773063,,0.4099372608866904,Neural network,500,reference,1
0.605236976384134,0.28536510501670115,0.3270964954584389,1.3425617920511834,0.5830790626043824,,0.43090350454156107,Neural network,500,novel,1
0.8306680251294598,0.15677498464994852,0.012910907290714925,0.9751582420281429,0.7766343754935777,0.05808080808080808,0.3439548014267266,Logistic regression,1000,reference,1
0.78836972507517,0.2086778880757697,0.22052837443292525,0.7426661679990116,0.7565219679077632,0.13539192399049882,0.5374716255670747,Logistic regression,1000,novel,1
0.804658806273052,0.16890420173157888,0.023510216164060405,1.142308558334229,0.7311907025587,0.06096256684491978,0.3472524695639257,Random forest,1000,reference,1
0.776924770613305,0.22136871483574683,0.2636234439241279,1.0310532982547573,0.6843304802417403,0.19536423841059603,0.49437655607587216,Random forest,1000,novel,1
0.8002801405092248,0.1729041340305144,0.05051524929705407,0.6729244401849063,0.7952699592349348,0.10204081632653061,0.3447667073302825,Gradient boosting,1000,reference,1
0.7567905912083173,0.22919551533676716,0.2299483213458408,0.5240718398860718,0.7712196434301344,0.22237017310252996,0.5280516786541591,Gradient boosting,1000,novel,1
0.8132428537613671,0.17094269910969623,0.07519009794390033,1.7340213652604024,0.684143235389433,0.04,0.37875536958586287,Neural network,1000,reference,1
0.7435926790088461,0.23213840275131398,0.26700997955632577,1.1658540209376909,0.6614877342379907,0.06060606060606061,0.4909900204436741,Neural network,1000,novel,1
0.830952870621698,0.1565149817464314,0.009840525003249946,0.9871889752037798,0.7723652101306919,0.057539682539682536,0.3521135112329689,Logistic regression,2000,reference,1
0.8015836888917963,0.19698206838574525,0.20795353394841462,0.8073392812269015,0.7553969862031227,0.10781893004115227,0.5500464660515854,Logistic regression,2000,novel,1
0.8074281980788147,0.16697616957474404,0.0200308173892528,1.1145879932399572,0.7361637718046057,0.06224489795918367,0.35307766456317735,Random forest,2000,reference,1
0.7918073454622988,0.20887396672638517,0.24524229077930662,1.0275520378241418,0.6987027062618932,0.14987080103359174,0.5127577092206934,Random forest,2000,novel,1
0.8106948871871186,0.16581612334274243,0.03321877986888058,0.8202330564794075,0.781319896992299,0.08007224563515954,0.35257174505469935,Gradient boosting,2000,reference,1
0.7694722773428698,0.21872540693922307,0.21951872018239738,0.600596151833591,0.7674790338734346,0.17496635262449528,0.5384812798176027,Gradient boosting,2000,novel,1
0.8203946704668701,0.1639891718511159,0.053973148826374974,1.438674027157755,0.7117382452275648,0.036827195467422094,0.3726180674913024,Neural network,2000,reference,1
0.7704635404173663,0.21551614016573134,0.2438705704896438,1.0848762981157367,0.6906276066810174,0.06666666666666667,0.5141294295103562,Neural network,2000,novel,1
0.8317277376695491,0.15617951417918455,0.013470782021622534,0.9593917332969422,0.7769727455193224,0.060907395898073334,0.35111282306684144,Logistic regression,4000,reference,1
0.7937886601684876,0.20242394797645416,0.21079675475119697,0.7491310518715557,0.7601556050713522,0.12490421455938697,0.547203245248803,Logistic regression,4000,novel,1
0.8093430534078627,0.1659535353193124,0.018660602877645857,1.0508852133019244,0.7468082631278299,0.0640074211502783,0.3500779051162326,Random forest,4000,reference,1
0.792524519602356,0.20993225056134837,0.24288451611980882,0.9661854147445502,0.7136263447522491,0.1308411214953271,0.5151154838801912,Random forest,4000,novel,1
0.8187655094672018,0.1626610356301362,0.023708211873320215,0.8854704750369975,0.7792082118733202,0.06117353308364544,0.3493866198822231,Gradient boosting,4000,reference,1
0.781563990831801,0.21242931109005053,0.2208302711613298,0.6869486381144129,0.7593821091099906,0.15156130997715156,0.5371697288386702,Gradient boosting,4000,novel,1
0.8265689905725722,0.15873172346422457,0.021337893132048775,0.8989648508413783,0.7826534050225333,0.0679730557256583,0.3558064034675605,Neural network,4000,reference,1
0.7925903918048317,0.2007908324088138,0.20259960085597242,0.7109035655692783,0.7692419941393758,0.1318758815232722,0.5554003991440275,Neural network,4000,novel,1
0.8320924951155486,0.1559588481523244,0.009199648171202848,0.9821358597744424,0.7721859998089375,0.057236842105263155,0.35763810392395196,Logistic regression,8000,reference,1
0.7879507172952842,0.20323753738605513,0.20933896372507904,0.7414852156259529,0.7569107608261235,0.12251392203659507,0.5486610362749209,Logistic regression,8000,novel,1
0.8133673902962877,0.16419767022071527,0.017228800527698342,1.0434920512555554,0.747681834650684,0.06209453197405004,0.3595070368567935,Random forest,8000,reference,1
0.7889413746483788,0.20665432310249146,0.23373173355270277,0.9148776058989443,0.7182465133817428,0.13079470198675497,0.5242682664472973,Random forest,8000,novel,1
0.8203855757832098,0.16133432843320747,0.01627725849781058,0.9268670781488899,0.7720118733790456,0.06625258799171843,0.35786672224395005,Gradient boosting,8000,reference,1
0.7877594607625791,0.20475552470801692,0.2132804660233859,0.7525470245129683,0.754803094231829,0.12740989103101424,0.5447195339766141,Gradient boosting,8000,novel,1
0.8296691863386695,0.15720962670778385,0.018315398738464175,0.945646451339031,0.7752155981181822,0.059322033898305086,0.36508231494101273,Neural network,8000,reference,1
0.7841604156217973,0.20169582180469903,0.2041197546662506,0.7355290767535774,0.7586265408880933,0.1292517006802721,0.5538802453337495,Neural network,8000,novel,1
0.8421459501353713,0.14861824705676535,0.025632374506729113,1.1584229207650896,0.7630305637307329,0.03640588690937258,0.3431561691083796,Logistic regression,250,reference,2
0.7950673265305614,0.2071356057853392,0.23556655090278833,0.8697139927923144,0.7350454010394581,0.1340909090909091,0.5317667824305451,Logistic regression,250,novel,2
0.7950571924502682,0.17122635362903127,0.043847165663552595,1.2907853548333326,0.7151552362403428,0.06295399515738499,0.32672652185542717,Random forest,250,reference,2
0.7843845765112685,0.24186991322159945,0.3093316760087822,1.1320798220550996,0.6592945164869315,0.3135593220338983,0.45800165732455117,Random forest,250,novel,2
0.7710918160463414,0.1904748631768488,0.11076528598876183,0.41656809073358064,0.8417700577004067,0.14766483516483517,0.31890191960535685,Gradient boosting,250,reference,2
0.7421840575903849,0.25459013987819973,0.2359022130259718,0.3224853545303356,0.8221650730444543,0.2597609561752988,0.5318031553641912,Gradient boosting,250,novel,2
0.5254734013666057,0.2354576080161058,0.11471038675179626,0.4047283319444234,0.5682475148695436,,0.44305562849416946,Neural network,250,reference,2
0.5233827131757859,0.28054552505669844,0.31623696491795183,0.3839836126442011,0.5681962338793588,,0.45109636841538153,Neural network,250,novel,2
0.8391821671257029,0.14969183780434092,0.016970341421810947,1.0707591524956432,0.7692169709463745,0.04722222222222222,0.3485945404912177,Logistic regression,500,reference,2
0.8044344148230391,0.20066455635676206,0.22616060261672466,0.8622142882355815,0.7444719107587768,0.12275449101796407,0.5411727307166087,Logistic regression,500,novel,2
0.7965848797288492,0.16887106692433235,0.032002344624543995,1.226067284889786,0.7211643220421226,0.04370860927152318,0.3425017734016392,Random forest,500,reference,2
0.7839854903796126,0.2325804553877912,0.29165381388796685,1.127289068598177,0.6736372031097887,0.29107981220657275,0.47567951944536657,Random forest,500,novel,2
0.7912692099581915,0.17463882493247024,0.069793002277118,0.6048822286445106,0.8057712062803933,0.10608773500447627,0.33915322652843133,Gradient boosting,500,reference,2
0.7574223796922572,0.23602592562825575,0.24226007243589198,0.478653287706914,0.780651041803354,0.23085914669783753,0.5250732608974414,Gradient boosting,500,novel,2
0.5645602187046864,0.23438352197257684,0.1273958078848174,0.9876858071403091,0.5622115247591172,,0.45669740133527537,Neural network,500,reference,2
0.5147093968369351,0.27409186019340537,0.30423302277844827,0.3018451225884653,0.5668293256274045,,0.46310031055488493,Neural network,500,novel,2
0.8442255511546259,0.14713916530784416,0.013751829729957825,1.0281595279552287,0.7836300378473215,0.0535924617196702,0.3317096729708543,Logistic regression,1000,reference,2
0.7932624925628393,0.21244371711634108,0.2370009155507435,0.7568290454630516,0.7537995177602325,0.16258169934640523,0.5303324177825899,Logistic regression,1000,novel,2
0.8162686001775084,0.1611505192782311,0.03427808567741493,1.248062129638885,0.7358237879134525,0.042689434364994665,0.33392976129319596,Random forest,1000,reference,2
0.7911040044909248,0.2255580927146723,0.2797699940737988,1.0123929870980188,0.6898163962595035,0.2903225806451613,0.48756333925953443,Random forest,1000,novel,2
0.8145319696812066,0.16234483649082662,0.03936398825675825,0.740265533450031,0.80021666683852,0.08357628765792031,0.33408628420427267,Gradient boosting,1000,reference,2
0.7712985967104722,0.22774321689765537,0.236646555879578,0.5661357851148934,0.7774709917939021,0.18524970963995355,0.5306867774537553,Gradient boosting,1000,novel,2
0.8157764200547658,0.16708964869194462,0.08406096604702576,1.8347736332375872,0.69171040096117,0.010526315789473684,0.356600530971306,Neural network,1000,reference,2
0.7440664527419785,0.2455340162996756,0.29757448047463736,1.2452403877315403,0.6550977826205701,0.14814814814814814,0.4697588528586959,Neural network,1000,novel,2
0.8453039918483523,0.1466303241119734,0.014011118796445513,0.990996516273257,0.7856640141759595,0.05533371363377068,0.34141518851584085,Logistic regression,2000,reference,2
0.7968716937308781,0.20453687704668067,0.22120225124843654,0.7393232942927348,0.7614049591764523,0.14391691394658754,0.5461310820848968,Logistic regression,2000,novel,2
0.822038369889478,0.15756129674131705,0.028816002199436707,1.1489804352311643,0.7468506644672299,0.05253623188405797,0.34442514197113466,Random forest,2000,reference,2
0.8005176139348118,0.21067675497651278,0.2519695460336291,0.9438782950841209,0.7174822640310037,0.21008403361344538,0.5153637872997042,Random forest,2000,novel,2
0.8249114324669138,0.15701717786336777,0.027722957650687892,0.821026004188671,0.7932942621231566,0.0707823310271421,0.34445055090900206,Gradient boosting,2000,reference,2
0.7836016519832014,0.2138797425556731,0.21763285040010533,0.6079839439145802,0.7825667427584597,0.16265750286368844,0.549700482933228,Gradient boosting,2000,novel,2
0.800891175801513,0.18051464497383685,0.11633623742591592,2.44011131864925,0.6510391000903701,0.0,0.3787758657986662,Neural network,2000,reference,2
0.7373991471225968,0.25067401183083976,0.3050616198536006,1.6675031574199055,0.6202902774642443,,0.46227171347973284,Neural network,2000,novel,2
0.8466085491749543,0.14606158734723976,0.009925787711561516,1.0194386580245427,0.7831296190927884,0.04809976247030879,0.3415375681109243,Logistic regression,4000,reference,2
0.7857419361263036,0.2103872938031512,0.22586405868545967,0.7101105184999377,0.7581209184463317,0.1540247678018576,0.5414692746478736,Logistic regression,4000,novel,2
0.8277172947241775,0.15554310366120297,0.032636571337084266,1.1520692282953506,0.7504085782331119,0.0472972972972973,0.3404996833881486,Random forest,4000,reference,2
0.7852904164561028,0.21868269850326633,0.2580180056636067,0.888523111046284,0.7150539531032002,0.1748148148148148,0.5093153276697266,Random forest,4000,novel,2
0.8327372830860775,0.15248015554082414,0.018038484846901313,0.9219012805108847,0.7860017562591927,0.06571428571428571,0.33879419128663174,Gradient boosting,4000,reference,2
0.7724277848588121,0.22258160447416137,0.2354121628976611,0.6211204706897998,0.7659747701256553,0.1890156918687589,0.5319211704356722,Gradient boosting,4000,novel,2
0.8342866238011587,0.15187345604256805,0.028099544466753074,1.170695270573219,0.7564585250336953,0.0354251012145749,0.3515239162236228,Neural network,4000,reference,2
0.7477313548204003,0.23047809403230454,0.2528738905227435,0.7408703954529172,0.7288806869693423,0.17281879194630873,0.5144594428105899,Neural network,4000,novel,2
0.8466035713734602,0.1460789075229568,0.01063987451132733,1.0408996062285159,0.7808037987803612,0.04671173939766441,0.3403602578606203,Logistic regression,8000,reference,2
0.7863798515804122,0.21126197539358874,0.2295237931504761,0.727325402203691,0.7548310049708301,0.15553745928338764,0.5378095401828572,Logistic regression,8000,novel,2
0.8299926477871931,0.15419246091552202,0.02758799930583886,1.132666785356412,0.754553327174813,0.05457463884430177,0.341125423217507,Random forest,8000,reference,2
0.7870538637138753,0.21682706399942978,0.2546785078571813,0.8818731054423181,0.7190683805789798,0.15577190542420027,0.512654825476152,Random forest,8000,novel,2
0.837801076101127,0.15029900371521418,0.013864686333796825,1.0043514491294683,0.7789636347337494,0.051889814221652786,0.340071340665146,Gradient boosting,8000,reference,2
0.7835011414018954,0.21585094190387805,0.23657223991119802,0.715087905255329,0.7541928386764851,0.1703204047217538,0.5307610934221354,Gradient boosting,8000,novel,2
0.841530071645497,0.14828250477394386,0.009929733723081579,1.0183764879690766,0.781557823286876,0.053934010152284266,0.3436464469160093,Neural network,8000,reference,2
0.7710608565119654,0.21849870287433865,0.23365891312584094,0.6928819665289067,0.7552994281712314,0.1839402427637722,0.5336744202074925,Neural network,8000,novel,2
0.8421787549869676,0.15048673119468367,0.026752162207982,1.0959580624578955,0.7770320279423832,0.04825396825396826,0.32049251291888586,Logistic regression,250,reference,3
0.7761987120468673,0.22319836602321944,0.2545304424483981,0.7583696453288572,0.7394776601290476,0.1640378548895899,0.5178028908849353,Logistic regression,250,novel,3
0.7989240206322779,0.1718003951031011,0.04276454322866889,1.2839468715141715,0.7308638131798147,0.05053598774885146,0.3238282760535066,Random forest,250,reference,3
0.7242990728026535,0.2698503862914171,0.32850899386862215,0.916945324403517,0.6784285117923262,0.345679012345679,0.44409345108103615,Random forest,250,novel,3
0.761667227277414,0.1956074895942193,0.11576948555877085,0.39770645524444287,0.8432877514081737,0.16390111750761938,0.29905050993647186,Gradient boosting,250,reference,3
0.6615168867704552,0.32626897176148284,0.3287391714080966,0.20858897563637352,0.8089408170965404,0.4175531914893617,0.4557719395979348,Gradient boosting,250,novel,3
0.5754880908211533,0.24264711497519054,0.14909779630095582,1.2911893961238419,0.5463627131189025,,0.4900441593679971,Neural network,250,reference,3
0.5047383556891547,0.2542065620208771,0.2744560745387736,0.19526811387849502,0.5518784947728961,,0.4978772587945598,Neural network,250,novel,3
0.8410407377006569,0.15147042861814705,0.03093917099612962,1.0714967502115016,0.7810750114401032,0.05343047965998786,0.3145533058478348,Logistic regression,500,reference,3
0.7652259605146504,0.23479736716680766,0.26780380747169497,0.7050598208621528,0.7409006661849648,0.20606060606060606,0.5045295258616384,Logistic regression,500,novel,3
0.8059867328814116,0.16839745208061788,0.04331138548581623,1.2813176834803797,0.7350100906169863,0.05584415584415584,0.3202087503352179,Random forest,500,reference,3
0.7337136993044597,0.2644205085541637,0.3228394103347958,0.8912976621028947,0.6821561240377179,0.34710743801652894,0.4494939229985375,Random forest,500,novel,3
0.7871433295903298,0.17999337647011387,0.07991709332308769,0.5708766631318083,0.8232533621884128,0.12070343725019984,0.30943898907041784,Gradient boosting,500,reference,3
0.715946366249587,0.27811736819156796,0.2900978240931248,0.37050175966799376,0.7929513604250096,0.31829963711767756,0.490236732336445,Gradient boosting,500,novel,3
0.8032209576083646,0.1746347047793478,0.08345631510053202,1.837919112600395,0.6858851644190875,0.05970149253731343,0.3566066372851846,Neural network,500,reference,3
0.6930016600200567,0.26660324589529016,0.3184102035271166,0.999267239129728,0.6495986295049113,0.0,0.4539887781616211,Neural network,500,novel,3
0.8416134332248695,0.1502219562694849,0.021727946453846066,1.0264929848204565,0.7836227620696521,0.053128689492325853,0.32343872021282055,Logistic regression,1000,reference,3
0.7555816357674607,0.2351541662441935,0.25873936384274643,0.6362869474872768,0.7491392817936312,0.20452488687782805,0.5135939694905869,Logistic regression,1000,novel,3
0.814965271423882,0.16368553757053617,0.03315251382118199,1.2267649375794145,0.7445865495496578,0.052845528455284556,0.32154905183374416,Random forest,1000,reference,3
0.736863598420485,0.25741584355202574,0.3076579635530771,0.8072103902793608,0.6982265238929491,0.25900900900900903,0.4646753697802563,Random forest,1000,novel,3
0.8027958602224738,0.16955876834643824,0.05519757897345582,0.6824650978673072,0.8089203111966838,0.09874326750448834,0.3215375488241955,Gradient boosting,1000,reference,3
0.7079233572468058,0.2714656355074558,0.2716822489076307,0.39018281447449726,0.7845272803768992,0.28456683878370626,0.5014745247612296,Gradient boosting,1000,novel,3
0.8286737096745846,0.15638644904436272,0.028051702573725818,1.1297613317944983,0.7676593634715057,0.04785894206549118,0.3237956291160664,Neural network,1000,reference,3
0.7121146393295212,0.26351497527038314,0.2938706428795143,0.6033693011235579,0.7297407785365618,0.31543624161073824,0.47846269045381895,Neural network,1000,novel,3
0.8438693128477113,0.14901808453735188,0.021584508967830977,1.010552060953063,0.78686483626035,0.0520656479909451,0.32538188764914383,Logistic regression,2000,reference,3
0.7645951592121635,0.2285266578930347,0.25035980708911304,0.6505378454396409,0.7538853887714363,0.18664383561643835,0.5219735262442203,Logistic regression,2000,novel,3
0.8216396322016617,0.16039220251648897,0.035529439305979335,1.1939875646895997,0.7484800133597097,0.06155218554861731,0.32447230153177437,Random forest,2000,reference,3
0.7400716329933883,0.2520198273592531,0.29893044544083536,0.7660288482011901,0.7036482699583931,0.27628865979381445,0.47340288789249796,Random forest,2000,novel,3
0.8186214284722338,0.16066301674304734,0.0321639557698734,0.8105192014845749,0.795334097748009,0.07800704579768496,0.32181552101788485,Gradient boosting,2000,reference,3
0.726489894856971,0.2597607299950769,0.273240673148501,0.4587704270308812,0.768837879417332,0.2873641304347826,0.49909266018483234,Gradient boosting,2000,novel,3
0.8162968499656936,0.1717679307657667,0.10040269421376526,2.046488032923098,0.6818699705911502,0.020833333333333332,0.3583782441831786,Neural network,2000,reference,3
0.6918485874663746,0.2674523147812266,0.32019701422858693,1.0095525409261767,0.6463006543435358,0.0,0.45219846317937756,Neural network,2000,novel,3
0.844637290171918,0.14833679862290988,0.014718803772623797,0.9748839299552738,0.7894517438442414,0.05425935973955507,0.3332984769627533,Logistic regression,4000,reference,3
0.7731717188695687,0.2189760684050016,0.23512272854083846,0.6539221398610644,0.7611236589345669,0.16577946768060836,0.5372106047924949,Logistic regression,4000,novel,3
0.8288305250155494,0.1564035456569292,0.029053193211205613,1.1486942715077744,0.754656931925597,0.05302402651201325,0.33318207193844995,Random forest,4000,reference,3
0.7712025382445999,0.2268676237397894,0.26763064376551027,0.852143683498083,0.7166812376512465,0.16390728476821192,0.504702689567823,Random forest,4000,novel,3
0.8281940464490481,0.15618850161125733,0.02381155649190184,0.8832785870252005,0.7896224775812234,0.06372549019607843,0.33201349359342114,Gradient boosting,4000,reference,3
0.7559119652248862,0.2320731035188803,0.24680274226667934,0.5552421496608777,0.7624603416918644,0.22489082969432314,0.525530591066654,Gradient boosting,4000,novel,3
0.8290543186957191,0.15782341790869595,0.04938442907319848,1.3892219772536172,0.733140723021047,0.031135531135531136,0.3474413972670902,Neural network,4000,reference,3
0.7301735975294958,0.24268149730857358,0.2794142688599938,0.8225718660998352,0.6991087806260147,0.16740088105726872,0.4929190644733394,Neural network,4000,novel,3
0.8447311827428404,0.14823570179305406,0.012464537996821144,1.0027861049352664,0.7842332786887103,0.05046403712296984,0.3383598347228296,Logistic regression,8000,reference,3
0.7720793094013249,0.21666845861601358,0.23212856685753167,0.6683744076479204,0.7570396084736538,0.15870445344129555,0.5402047664758017,Logistic regression,8000,novel,3
0.8269484951319037,0.15653226972491965,0.02218830495363058,1.1032370999719296,0.7575645875171364,0.0575831305758313,0.3391940056497177,Random forest,8000,reference,3
0.7658930964776864,0.22341477659758016,0.2581243514279886,0.8162115515366115,0.7195603777726598,0.1751497005988024,0.5142089819053447,Random forest,8000,novel,3
0.8357141777413406,0.1520588615318285,0.017527694551747724,0.9727622573300307,0.7834025089397331,0.0594883997620464,0.3366941482170841,Gradient boosting,8000,reference,3
0.7607514260564383,0.22609557204455397,0.2428595522933782,0.6363624878126289,0.755817227897473,0.18582541054451165,0.5294737810399551,Gradient boosting,8000,novel,3
0.8406647987288618,0.15029829948327356,0.01631225949763688,0.960354279779494,0.7871197762391948,0.052318668252080855,0.35121045090390773,Neural network,8000,reference,3
0.7615501566813754,0.21657878275320658,0.22251966899360381,0.6430616732070347,0.7627479051164662,0.15518606492478226,0.5498136643397296,Neural network,8000,novel,3
0.824071678661739,0.15988379538518482,0.027803827309124264,1.198724206462845,0.7470036200102471,0.048562933597621406,0.3421815546346313,Logistic regression,250,reference,4
0.7440300213841591,0.2289421545088193,0.24774202218999772,0.7680747063343984,0.7152862996459949,0.1577981651376147,0.5114246444766689,Logistic regression,250,novel,4
0.770482639564287,0.182273101248033,0.02819286438631603,1.2097115005357124,0.7106360618225013,0.0706436420722135,0.33264978886924046,Random forest,250,reference,4
0.6764867687890034,0.2793201112614915,0.32526662166745146,0.7857723084844153,0.6551280254552845,0.3791208791208791,0.4339000449992152,Random forest,250,novel,4
0.724112101244894,0.21530980925767312,0.13022753258645386,0.3931762797843578,0.8225687796750508,0.18265756724207147,0.3225868641399392,Gradient boosting,250,reference,4
0.6419146988555866,0.31703080576942655,0.31530868912856147,0.24762736925483453,0.7880487296163722,0.42397820163487737,0.4653754500484577,Gradient boosting,250,novel,4
0.6218506856642677,0.22957917891203752,0.10545263823817724,1.740208970183813,0.5648352977400205,,0.45474089832183595,Neural network,250,reference,4
0.5087035426296818,0.2732986058794086,0.29445698730813324,0.2153560948095571,0.5685215031078992,,0.46470967935853347,Neural network,250,novel,4
0.8253563265901576,0.15879047202197646,0.02204623434586018,0.9888533732344333,0.7758476940068662,0.06800518134715026,0.3312870989874732,Logistic regression,500,reference,4
0.7381471366876963,0.2369857648717046,0.2449885129386555,0.6114974790173583,0.7457049290687746,0.2012072434607646,0.5141781537280112,Logistic regression,500,novel,4
0.7951095360824743,0.17317859796816037,0.03242084019186174,1.2792747476808703,0.7214581289511807,0.058577405857740586,0.3316245962698341,Random forest,500,reference,4
0.7222367146639116,0.25730931083608655,0.30314939495907584,0.9009597435107448,0.6694671132319892,0.2985781990521327,0.4561655773933983,Random forest,500,novel,4
0.7813480475588406,0.18281299738675882,0.07358859304977858,0.6013808308373885,0.8064219263831119,0.12129502963976288,0.3326987759914069,Gradient boosting,500,reference,4
0.685413876534019,0.2747068049677623,0.26614769183203996,0.3571584222888586,0.779806186317133,0.2952779438135087,0.5032668078302927,Gradient boosting,500,novel,4
0.7667478360241199,0.19442795320100614,0.10811915237930411,2.4546906055248625,0.6383356890996407,0.0,0.380923702625555,Neural network,500,reference,4
0.6200781680270739,0.2853179346992995,0.32714114998546107,0.9116327853023877,0.6150481563918523,,0.43202551668120565,Neural network,500,novel,4
0.8275141023147247,0.15795893784756077,0.023357165861875057,0.9340077642422999,0.7847408542455007,0.06662735849056604,0.3322906704102576,Logistic regression,1000,reference,4
0.7578521644339276,0.22430845162334526,0.22873393009920434,0.6384113726948488,0.7565691211909287,0.1676595744680851,0.5304327365674623,Logistic regression,1000,novel,4
0.8067875899630421,0.16792136217219814,0.031464549119699925,1.1942693987878619,0.7375317611993886,0.06285072951739619,0.3295556000821496,Random forest,1000,reference,4
0.7556288196172121,0.23670578544451182,0.27863530385446433,0.9414189625538599,0.6898933649952518,0.24100719424460432,0.4805313628122024,Random forest,1000,novel,4
0.7974610970628283,0.17287600669823883,0.051756409442958305,0.6803691919431375,0.8022564094429584,0.10562015503875968,0.3302106200010585,Gradient boosting,1000,reference,4
0.7360699486096498,0.24162390324970154,0.240646083122086,0.5007028682638335,0.7727550188728477,0.20212060967528164,0.522991977479895,Gradient boosting,1000,novel,4
0.7747363110289827,0.19313345129165593,0.10890402583718763,2.5120053132136833,0.6342572835157331,,0.3883707659407831,Neural network,1000,reference,4
0.6579493237212235,0.2697312113113721,0.31092989878579863,1.191030503701483,0.6106523808380567,,0.4482367678808679,Neural network,1000,novel,4
0.82774435907411,0.1573506163143822,0.011671304673932655,0.9748914022332845,0.7746361889176724,0.05851063829787234,0.3468168685564536,Logistic regression,2000,reference,4
0.7640746128631604,0.21296473152897952,0.21385077527063576,0.6862047618181781,0.7512227187224017,0.13911472448057813,0.5453158913960309,Logistic regression,2000,novel,4
0.8096600855864619,0.16557246139472412,0.0220959444483619,1.1382513485461172,0.7372810537633038,0.06063947078280044,0.3485324909063236,Random forest,2000,reference,4
0.7689322733677961,0.2140126672304074,0.24383146089642527,0.9654036729819,0.6958063400994727,0.17041800643086816,0.5153352057702414,Random forest,2000,novel,4
0.8036682430461,0.16870409817784782,0.0326288862105225,0.7813000469246189,0.7845111809133033,0.08811824900511654,0.3456310635873589,Gradient boosting,2000,reference,4
0.7492199529776395,0.22236223120940993,0.2185443282412432,0.6033181931746243,0.758821981175896,0.16597853014037986,0.5406223384254234,Gradient boosting,2000,novel,4
0.8210639953316476,0.1603619568883622,0.018644748829457988,0.9514593214771829,0.7730600293405367,0.06108597285067873,0.3602303227256443,Neural network,2000,reference,4
0.7495970434406087,0.21487087552551745,0.2098290841163355,0.6795065394387176,0.749182225390328,0.12101910828025478,0.5493375825503312,Neural network,2000,novel,4
0.8285201079556506,0.15699990117738677,0.0069414860862413805,1.011613709112595,0.7687913759685804,0.05698005698005698,0.35165890656981325,Logistic regression,4000,reference,4
0.7644172151975661,0.21157744309917537,0.21391922807019195,0.7121699298788671,0.7459270024727719,0.12983151635282458,0.5452474385964747,Logistic regression,4000,novel,4
0.8113433670492123,0.16454767758217123,0.024346015005129094,1.138702250183388,0.7392323854654024,0.057208237986270026,0.3546171962479166,Random forest,4000,reference,4
0.7608192070009382,0.2151369776294325,0.23936121037433014,0.917833693889403,0.7014663770349028,0.13522012578616352,0.5198054562923365,Random forest,4000,novel,4
0.8142734876483173,0.16360447017564497,0.020436524747391646,0.8903179117736432,0.7729083184336841,0.0777479892761394,0.3532626736790171,Gradient boosting,4000,reference,4
0.7513937685876959,0.21706299355808342,0.21699733512201394,0.649119744371519,0.7471951315831953,0.15886939571150097,0.5431387009662322,Gradient boosting,4000,novel,4
0.824993191985995,0.15858168965372746,0.013645638392330243,0.9713967792989956,0.773737472368104,0.0575801749271137,0.356455566855623,Neural network,4000,reference,4
0.7624772199833637,0.20932339871061276,0.20986312863667045,0.7267701468561012,0.7473646954495877,0.12347052280311457,0.5493035380299963,Neural network,4000,novel,4
0.8289693153083058,0.15688802926993786,0.011931025303977294,0.9585123995076681,0.7770221028983842,0.058710912571793235,0.3490830690635979,Logistic regression,8000,reference,4
0.763457320940903,0.21411666129827753,0.21390686273330292,0.6702404983369192,0.7544874171648298,0.1467116357504216,0.5452598039333637,Logistic regression,8000,novel,4
0.8132453559618751,0.16334114563885918,0.015165357597192806,1.0524632131836653,0.7525099976241874,0.062388591800356503,0.34768662084322394,Random forest,8000,reference,4
0.7620657933219133,0.21663182361907274,0.23626359539807087,0.8303711383328782,0.7185859692178342,0.14777327935222673,0.5229030712685958,Random forest,8000,novel,4
0.8219321994748103,0.16005140105120386,0.012716636945738042,0.9243813022753139,0.7767648107420475,0.06644951140065146,0.3483336061655316,Gradient boosting,8000,reference,4
0.7623720843667744,0.2146356095256309,0.2169268985043016,0.683406127564865,0.7511478072018944,0.14708603145235893,0.5422397681623651,Gradient boosting,8000,novel,4
0.8157499756856643,0.16436883704611466,0.04058519562874624,1.349480524308012,0.7211712897465173,0.012626262626262626,0.36616024359215815,Neural network,8000,reference,4
0.7286753595995124,0.23121809714143213,0.2515780593975005,0.8602756392883018,0.6941258328136819,0.06486486486486487,0.5075886072691661,Neural network,8000,novel,4
0.8299980505711827,0.15899648097482286,0.02582406384887497,0.8917927516689207,0.7873678233169944,0.07386990077177508,0.34398577788347423,Logistic regression,250,reference,5
0.7410619720824969,0.2391863892419626,0.2434224177262153,0.535140105851236,0.7684622522322302,0.21320495185694635,0.5244109156071181,Logistic regression,250,novel,5
0.784791576068212,0.17932844519445204,0.031986435040610856,1.1999543441818405,0.7131885056564342,0.05570652173913043,0.34154327718487865,Random forest,250,reference,5
0.7005130150114895,0.27223909374039923,0.32312530237421105,0.7521542193573171,0.6747571431063061,0.3543046357615894,0.4449121336893169,Random forest,250,novel,5
0.7581327471050981,0.20683210499274696,0.1258699561856024,0.4040729922021601,0.837536622852269,0.1646362687086669,0.32999753819567973,Gradient boosting,250,reference,5
0.6840643728425375,0.30421904114699994,0.3054361649135842,0.2647715602483543,0.8165106410157459,0.34938775510204084,0.4872436653364084,Gradient boosting,250,novel,5
0.7163835396228906,0.2115780277081808,0.10601984454323053,2.405165466194089,0.5963134887901028,,0.42854558431105017,Neural network,250,reference,5
0.5835154251208912,0.27586002041849494,0.3137073498446526,0.7646741444517865,0.59270803888354,,0.45412598348868083,Neural network,250,novel,5
0.8310274689515971,0.15827413252496458,0.018499433337775237,0.9155185036235631,0.7831020068263697,0.06864456079115765,0.3491073874221637,Logistic regression,500,reference,5
0.7346688791409682,0.24002199676142671,0.2422237849885143,0.525714918705654,0.7656023128189947,0.21604046242774566,0.5256095483448191,Logistic regression,500,novel,5
0.7940758957625416,0.17508553605166985,0.023155288586384964,1.1486359280352718,0.7226665752178534,0.05415162454873646,0.3466250493051625,Random forest,500,reference,5
0.7028808964665805,0.266642571693332,0.3091403046638175,0.6718407165685146,0.6906961638349323,0.4,0.4586930286695159,Random forest,500,novel,5
0.7750192393628667,0.1912058029456307,0.09342303517833044,0.4955884636899431,0.8174230351783305,0.1347517730496454,0.34061102428877377,Gradient boosting,500,reference,5
0.6951504553684107,0.280824022510092,0.2671249976158031,0.28717442171914104,0.8058850950591819,0.32089212562585345,0.5088826909589087,Gradient boosting,500,novel,5
0.7014345996622988,0.2145032261503,0.10642553419632578,2.4070455189671676,0.5919656172198072,,0.4277379879713541,Neural network,500,reference,5
0.5806155650340761,0.27788691081389616,0.31753423103337475,0.7884824957963062,0.5888780387603831,,0.4502991022999585,Neural network,500,novel,5
0.8317669322888394,0.15781003353800227,0.013098994726218928,0.9440086718060552,0.7788432916662817,0.06451612903225806,0.35244440758544254,Logistic regression,1000,reference,5
0.7447647864426788,0.23054051578241475,0.23407218072004898,0.5703619797290314,0.7619963115775626,0.1905120481927711,0.5337611526132843,Logistic regression,1000,novel,5
0.802037962876877,0.1711939912906797,0.02626679303261596,1.149969317769941,0.729113954652987,0.06310679611650485,0.3534291323872076,Random forest,1000,reference,5
0.7358953594603299,0.2418922074363609,0.2788615483059952,0.7557434930538828,0.6998473055999884,0.3163841807909605,0.48897178502733823,Random forest,1000,novel,5
0.7992300056083568,0.17378642502752142,0.05209266300266166,0.6750160341984003,0.7965101260931712,0.10989010989010989,0.3481789827932268,Gradient boosting,1000,reference,5
0.7181901631946517,0.2553999374216196,0.24736151046899335,0.38414358222852724,0.7885009304528507,0.2727272727272727,0.5250148832297297,Gradient boosting,1000,novel,5
0.8142017988729302,0.16843044046215921,0.05074290497877885,1.4601509302086686,0.7060893770107406,0.03937007874015748,0.37715824320759006,Neural network,1000,reference,5
0.6969948505278726,0.249991357302874,0.27760428449896235,0.7461494854357981,0.687632200136223,0.14285714285714285,0.49022904883437096,Neural network,1000,novel,5
0.8340384667292484,0.15697671747325914,0.02335714030910389,0.9124262793131088,0.7854436540718946,0.06715575620767494,0.35082998811745497,Logistic regression,2000,reference,5
0.7656567123502408,0.21921365819360875,0.22356332641973972,0.6113983211728918,0.7692616210608536,0.16519374575118967,0.5442700069135935,Logistic regression,2000,novel,5
0.8133710422846105,0.16643292494124412,0.02165225183993287,1.1035182567573651,0.7437836951880137,0.06551059730250482,0.34831416499851947,Random forest,2000,reference,5
0.7705696456483166,0.22231022208944046,0.25827786398391905,0.8347216924266083,0.7146826089108979,0.2263056092843327,0.5095554693494142,Random forest,2000,novel,5
0.8157062780605282,0.1663688309458508,0.039857008598531043,0.7776579170495929,0.7933268053925694,0.09076433121019108,0.3493652054025869,Gradient boosting,2000,reference,5
0.7608436613904588,0.2254956710732856,0.2195761806547644,0.5270390269508591,0.7868177671914257,0.17686318131256953,0.548257152678569,Gradient boosting,2000,novel,5
0.8173020504992038,0.16853117021675734,0.06071587089505355,1.5638555455378491,0.6998562019813194,0.0223463687150838,0.3775758857385664,Neural network,2000,reference,5
0.7230772299277404,0.2379782181537922,0.2710763005233661,0.9201563044071894,0.679597880649858,0.058823529411764705,0.49675703280996714,Neural network,2000,novel,5
0.8341801452174514,0.15670663742718607,0.01901976598978812,0.9437188119844256,0.7803434403454503,0.060024009603841535,0.3529768640995426,Logistic regression,4000,reference,5
0.7601758053812115,0.2220889598616991,0.22802651752842526,0.6142461948526432,0.7640866968827127,0.16812865497076024,0.5398068158049081,Logistic regression,4000,novel,5
0.8185130956629707,0.16410789963755676,0.017973054098457193,1.0870288878327425,0.7480492874531258,0.06135531135531135,0.3537812672140082,Random forest,4000,reference,5
0.7612689014859406,0.22400620119278672,0.254922245205953,0.7924704005120141,0.7187730370233999,0.19250425894378195,0.5129110881273803,Random forest,4000,novel,5
0.8209603786090676,0.16361385520764588,0.024699849978199455,0.858643639568534,0.7828869298537393,0.07613908872901679,0.35413314106888266,Gradient boosting,4000,reference,5
0.7537548201798474,0.22675929654372323,0.2296492557185414,0.5811197389581962,0.767993550451817,0.18257839721254354,0.5381840776147919,Gradient boosting,4000,novel,5
0.8305957154553716,0.15894626374020543,0.024598292642101456,0.8953910546049002,0.7899477111405607,0.0673244341265235,0.34977584588695104,Neural network,4000,reference,5
0.7501771314322239,0.23039681526987707,0.23285636072505275,0.5818688247272681,0.7708085180288552,0.18438661710037174,0.5349769726082806,Neural network,4000,novel,5
0.834264720436912,0.15675101240263348,0.018117870929375012,0.9361662031562934,0.7816931212510165,0.061248527679623084,0.3515703189694057,Logistic regression,8000,reference,5
0.764076670368494,0.2213223411910335,0.22882759823665122,0.6230499954604348,0.7650671399440289,0.16630355846042122,0.5390057350966821,Logistic regression,8000,novel,5
0.8190980442730279,0.1636736057288974,0.015553388283495041,1.0344899713484934,0.7558580054312348,0.0626984126984127,0.352149228626258,Random forest,8000,reference,5
0.7613489943437926,0.22331940406746525,0.24999269796733328,0.7662528337017164,0.7278713532506146,0.15384615384615385,0.5178406353660001,Random forest,8000,novel,5
0.8261184472949425,0.16070925916301587,0.017617939026759753,0.9025025809523078,0.7794554365347496,0.06498194945848375,0.3523827273714751,Gradient boosting,8000,reference,5
0.7620693625964172,0.22345653045140162,0.23243797324814694,0.6359247408618133,0.7635691711860814,0.1515625,0.5353953600851864,Gradient boosting,8000,novel,5
0.8330701104576358,0.15763020218607385,0.020632788960949805,0.9076604589829791,0.7858994892061919,0.06294117647058824,0.3588062071736199,Neural network,8000,reference,5
0.765208566320704,0.21565538951224092,0.21654700055895473,0.6285260390457021,0.7704814402708426,0.15526122148638705,0.5512863327743787,Neural network,8000,novel,5
0.8304575435333276,0.1602081966239987,0.051275277015976,0.8703989359271981,0.7775107544461551,0.056915544675642596,0.3996086103493094,Logistic regression,250,reference,6
0.7274341679654861,0.22944386128084268,0.20994482347481935,0.4876966520697345,0.7742202237897451,0.18979987088444158,0.5541311086037323,Logistic regression,250,novel,6
0.7950348144250419,0.1739749277364608,0.046253244318976504,1.2394169552444922,0.7029404773356015,0.04194260485651214,0.38990533145225953,Random forest,250,reference,6
0.7110558077459332,0.24637180037163034,0.2782398805858386,0.8183832970121556,0.6761552160845403,0.28342245989304815,0.48205211494831124,Random forest,250,novel,6
0.7718395966666258,0.20527496104735216,0.1392342766816178,0.4095493905185428,0.843086748655776,0.16695117787640834,0.39472810173990003,Gradient boosting,250,reference,6
0.6499074343992273,0.3128114967744476,0.29063715150123315,0.18715179013778624,0.8454427246573238,0.3762444215585307,0.5147057641181553,Gradient boosting,250,novel,6
0.8058736646312362,0.1795387904112066,0.10512170418501454,1.9833372859181084,0.6508782958149855,0.0,0.4176035646446234,Neural network,250,reference,6
0.672159541468598,0.24703747497821452,0.2694895266584439,0.9129763779078232,0.6399847686220506,0.0,0.4901771400082228,Neural network,250,novel,6
0.8351325885045092,0.1565154551450849,0.036595870761888985,0.8516333740814335,0.7874289887001462,0.06052344601962922,0.3820420647239243,Logistic regression,500,reference,6
0.7748069419940492,0.20489022113310812,0.18828111747352508,0.5967220524618803,0.7844915068129242,0.13073794305636258,0.5713855491931416,Logistic regression,500,novel,6
0.8033018025183862,0.16873996059073382,0.03130624653043036,1.140878505893777,0.7255478944329522,0.0438957475994513,0.3726783942869709,Random forest,500,reference,6
0.7669682300982437,0.22057462758507312,0.25456885172095567,0.9755916526668403,0.6959027145626202,0.1148036253776435,0.5050978149457109,Random forest,500,novel,6
0.7867126372079931,0.18964122425973415,0.10222866814365505,0.4721918379912569,0.8328501321864804,0.14149560117302054,0.3692730400320486,Gradient boosting,500,reference,6
0.7338192773797301,0.2536935636030145,0.241747309938039,0.35791480960180727,0.8278891860079336,0.23558994197292069,0.544735518659448,Gradient boosting,500,novel,6
0.8128457274318088,0.17993262088031686,0.11867414754296204,2.2979953661398973,0.6421591857903712,0.0,0.4141757502521267,Neural network,500,reference,6
0.7206041837704081,0.233657816109392,0.2642928545808178,1.3504324879150353,0.6286204222737233,0.0,0.495373812085849,Neural network,500,novel,6
0.8352979111344974,0.15513163581035444,0.027720857879188453,0.8417126688606706,0.7940086379323752,0.05763239875389408,0.360523412229311,Logistic regression,1000,reference,6
0.7690412187743243,0.22066060665307366,0.21568538824174305,0.5710539031249647,0.7833670315038436,0.17073170731707318,0.5439812784249236,Logistic regression,1000,novel,6
0.8112852580183312,0.16485739603386773,0.014058370278367847,1.0954738082070405,0.7430440610048957,0.04291417165668663,0.348731953231112,Random forest,1000,reference,6
0.7684073787138067,0.23336368780451372,0.2746073938047068,0.886498768413531,0.7071784107476666,0.19066937119675456,0.4850592728619598,Random forest,1000,novel,6
0.8027694905713482,0.17435584019732983,0.06999222507644451,0.6044380879972315,0.8139337946274915,0.10029749256268593,0.3480646438167618,Gradient boosting,1000,reference,6
0.7444688858473222,0.248952428700319,0.2422984333542367,0.39851372195308293,0.8030276424782505,0.258411214953271,0.5214061730895728,Gradient boosting,1000,novel,6
0.8310140848517481,0.1578239698240323,0.039041924234391664,0.837027539792223,0.79729689160074,0.0581151832460733,0.36152185806068937,Neural network,1000,reference,6
0.7436523184913937,0.23682295760452976,0.2289594245695457,0.5296515357317362,0.7820317124681742,0.21171171171171171,0.530707242097121,Neural network,1000,novel,6
0.8368839559955458,0.1535876127146483,0.021079692409617358,0.8862955813552854,0.7915796924096172,0.05829358770535241,0.3471834333618674,Logistic regression,2000,reference,6
0.7785597741910553,0.21927296293508125,0.22433121885676627,0.625183257544344,0.7766088129653714,0.16698292220113853,0.5353354478099004,Logistic regression,2000,novel,6
0.8147724519389615,0.16278713896256938,0.014768367412848506,1.0730156240663273,0.7533542355219016,0.05150976909413854,0.3409650379910018,Random forest,2000,reference,6
0.78352338392085,0.2246245404206922,0.26425752597751534,0.8709971396428073,0.7200409618278851,0.21140939597315436,0.4954091406891513,Random forest,2000,novel,6
0.8134753851613455,0.1655800855342189,0.04682426231811383,0.7309010418469062,0.8020712409545863,0.0866408518877057,0.3407389098890201,Gradient boosting,2000,reference,6
0.7625115707000966,0.23619223857674318,0.23552998319422408,0.5042296413293097,0.7922708276033135,0.2306883867577509,0.5241366834724426,Gradient boosting,2000,novel,6
0.8325969480781702,0.1561149142433705,0.031117011740146767,0.8695230582083577,0.7948906077475779,0.056481979558902634,0.35330051262226003,Neural network,2000,reference,6
0.7632838635822826,0.22540202741100188,0.22432377435177492,0.6058882439868356,0.7776181748224865,0.171939477303989,0.5353428923148916,Neural network,2000,novel,6
0.8383870336151935,0.15264004005301857,0.01230043276467792,0.941937950586271,0.7822942895319956,0.04936120789779326,0.3555202997121942,Logistic regression,4000,reference,6
0.7820318970957771,0.21164772346169122,0.21630047938525343,0.6712733462310988,0.7696021946548957,0.14385474860335196,0.5433661872814133,Logistic regression,4000,novel,6
0.8160482874239772,0.16218703022915845,0.010208239499350508,1.0597415810178152,0.7522250530522786,0.05560458958517211,0.3512467606427341,Random forest,4000,reference,6
0.7894134103881609,0.21459754052029106,0.24792788079015718,0.8936386116359374,0.7242478634354877,0.15419161676646706,0.5117387858765094,Random forest,4000,novel,6
0.8247383105520136,0.15950953497323586,0.022472203048522994,0.8638809396460563,0.785472203048523,0.06018518518518518,0.35162343771068616,Gradient boosting,4000,reference,6
0.7740763371043216,0.22077888799429263,0.22592405257188078,0.624350430012506,0.7725016784466743,0.17673814165042234,0.5337426140947858,Gradient boosting,4000,novel,6
0.8345335846008883,0.15564566129561694,0.026767698362507673,0.8840283712114277,0.7896180267983773,0.05356125356125356,0.3650780321437334,Neural network,4000,reference,6
0.7775758462814616,0.2100664607683931,0.2051581285841914,0.6366687728353743,0.7792555583013607,0.14931506849315068,0.5545085380824752,Neural network,4000,novel,6
0.8392233140395746,0.15211184478222514,0.012748366090691446,0.9621240301781521,0.7811976994638096,0.047675103001765744,0.35139990815621,Logistic regression,8000,reference,6
0.7854700914518924,0.21133311527343862,0.21966386527801296,0.694720096830751,0.7670833202333136,0.14162473040977713,0.5400028013886538,Logistic regression,8000,novel,6
0.8225063938618926,0.15933606769164,0.01496581156045854,1.0700146059363431,0.7560242424948792,0.04773869346733668,0.3480986671218782,Random forest,8000,reference,6
0.7933806162398161,0.21151939985785578,0.2431451357722416,0.8913674514390946,0.7308196944618895,0.15683453237410072,0.5165215308944251,Random forest,8000,novel,6
0.8305671875573613,0.15615462152631934,0.014137362458445291,0.939189596963829,0.779607061171486,0.054844606946983544,0.35024740113613584,Gradient boosting,8000,reference,6
0.7831567121623653,0.2144113626081217,0.2245129310894091,0.6855810795577149,0.7656972168049955,0.1586360266864344,0.5351537355772576,Gradient boosting,8000,novel,6
0.8386121954502624,0.15261113586003636,0.01904770584454439,0.9642355617049835,0.7820896943761143,0.04531346989447548,0.3595573872642549,Neural network,8000,reference,6
0.786084000391928,0.2078652909423493,0.21197122106974906,0.7015291568312448,0.7709376606869834,0.13782771535580524,0.5476954455969176,Neural network,8000,novel,6
0.8221904961338314,0.16336823982996193,0.05255001400203961,1.4780954859013815,0.7147033730482815,0.029197080291970802,0.3545165956375281,Logistic regression,250,reference,7
0.7262174028937042,0.2477422323354075,0.27799360214204816,0.8341827234364253,0.6883022835017546,0.22310756972111553,0.4743397311912852,Logistic regression,250,novel,7
0.7683033870806758,0.18373803491030502,0.043732378619416944,1.3753021804984087,0.6830549379763398,0.03488372093023256,0.3738875385444234,Random forest,250,reference,7
0.7018389326819925,0.2627330433720519,0.3019876062899483,1.00689132991446,0.6473465463061442,0.1935483870967742,0.45093416944612613,Random forest,250,novel,7
0.7212065973411408,0.21262620858528328,0.12050654137175816,0.42306031323552223,0.8083523749118692,0.17172167707404104,0.34129382833697436,Gradient boosting,250,reference,7
0.6590681540486276,0.30650739339309185,0.3079783736353572,0.2886996353702778,0.7814661524637325,0.389618138424821,0.4631307851229644,Gradient boosting,250,novel,7
0.6663764920122669,0.22050855139989645,0.10979795391254427,2.2423342918773175,0.5783687127541224,,0.43715778069947253,Neural network,250,reference,7
0.5303734277268686,0.2809440462351102,0.30354525492593337,0.3899762362133715,0.5787239427765123,,0.4487880784073999,Neural network,250,novel,7
0.8343591172493157,0.15554542003262375,0.03386963107492768,1.1754857590303107,0.7439238898507758,0.03996101364522417,0.37487588204690186,Logistic regression,500,reference,7
0.7670473078819835,0.2053654722138001,0.20447348336726504,0.7764518932876344,0.7329127007538538,0.11714975845410629,0.5478598499660683,Logistic regression,500,novel,7
0.798443306958712,0.17219742163347782,0.041115672031826006,1.3044624446205813,0.7048467836928759,0.03902439024390244,0.3743096784548405,Random forest,500,reference,7
0.774368630926008,0.216479175414754,0.24903078015383454,1.1228178114388003,0.6782363905129528,0.16568047337278108,0.5042581002088297,Random forest,500,novel,7
0.7811618100635848,0.1844740088602236,0.07737782337619124,0.5752742120261063,0.8012270813582055,0.12162162162162163,0.36773078442866725,Gradient boosting,500,reference,7
0.7338740070520844,0.2342108730369437,0.22106998894966085,0.4231009313274013,0.7901916510177261,0.22639484978540772,0.5462257374991867,Gradient boosting,500,novel,7
0.8065219210092158,0.17480801437254267,0.08372280783588794,1.7408591491957166,0.6697771921641121,0.037037037037037035,0.4025462952877781,Neural network,500,reference,7
0.6970756748408271,0.23799848754585326,0.2536866645705183,0.9214366288368493,0.6567619900371028,0.0,0.4987108809850817,Neural network,500,novel,7
0.8356464946151543,0.15405210267076883,0.02053992608202167,1.0853780232079817,0.7587541170065012,0.04136833731105807,0.36321137934465575,Logistic regression,1000,reference,7
0.7788046579774842,0.20264976447899805,0.2027108561815444,0.7650081528432419,0.7442603939519141,0.11992263056092843,0.5496224771517889,Logistic regression,1000,novel,7
0.8054193633298171,0.16821316687482812,0.03138984014447599,1.171212282942263,0.7223555684168702,0.05236270753512133,0.3654741604862,Random forest,1000,reference,7
0.7859068332944731,0.20856934242823724,0.2382446854515597,1.028381667257783,0.6922568537764909,0.19166666666666668,0.5140886478817737,Random forest,1000,novel,7
0.7946819633599558,0.17542870824242876,0.0525036260039749,0.691368929904942,0.7872762615426748,0.08941305540318156,0.360779751869083,Gradient boosting,1000,reference,7
0.7580191669285506,0.21909981852704774,0.21150270767018534,0.5562423790254265,0.7719380451284598,0.17740906190172304,0.5460177959358657,Gradient boosting,1000,novel,7
0.8190152914744673,0.16629509863897252,0.06363875855921984,1.5421034175357162,0.6968612414407801,0.020134228187919462,0.3860480607910995,Neural network,1000,reference,7
0.7455431017364251,0.21827243383862743,0.2342433728222348,1.0411093889939422,0.6780359547699482,0.04040404040404041,0.5180899605110986,Neural network,1000,novel,7
0.8356902837930137,0.1538143121726479,0.012048049285424826,0.9754239630941871,0.7744130165981578,0.05327342747111682,0.35906582407289134,Logistic regression,2000,reference,7
0.7855635018554508,0.19876471316030106,0.19193338499548274,0.7130580857472785,0.7616774852535049,0.11572052401746726,0.5603999483378506,Logistic regression,2000,novel,7
0.8116293537206614,0.16490888762351763,0.020907267591855974,1.0989716828886373,0.7383619663729172,0.04776119402985075,0.36063875882951324,Random forest,2000,reference,7
0.7944100632636255,0.20052213850054906,0.22542933789698152,0.9881968434850925,0.7079760149085813,0.15261044176706828,0.5269039954363519,Random forest,2000,novel,7
0.8084415504989518,0.1674143270265688,0.041241352332645,0.7488482579240628,0.7902660836077475,0.08418230563002681,0.3534848576168262,Gradient boosting,2000,reference,7
0.783194619282257,0.20359392764487536,0.1978470432087172,0.6460757807891779,0.773153539432156,0.14116177389131793,0.5564193842570051,Gradient boosting,2000,novel,7
0.8311015938282212,0.15646719983986368,0.01848758412797856,0.9270817414267822,0.7800448822670654,0.056461731493099125,0.3646558962204746,Neural network,2000,reference,7
0.7826199155491127,0.19621930613979055,0.18470126084756033,0.7202554067515234,0.7652489661362888,0.11085972850678733,0.567632072485773,Neural network,2000,novel,7
0.8349859874630849,0.15416597356251696,0.011511085350699017,0.9825816639989191,0.7751351088504269,0.05175718849840256,0.3505262076627041,Logistic regression,4000,reference,7
0.7911712983861783,0.1997477179476948,0.19998786859179724,0.7454410245827912,0.7589555973402013,0.11010558069381599,0.552345464741536,Logistic regression,4000,novel,7
0.8160498589939547,0.16297753495664938,0.01751271073608048,1.103072744825178,0.7438206225972528,0.04218600191754554,0.3527678551432072,Random forest,4000,reference,7
0.7963421411836125,0.2023668251896792,0.22904448245032738,0.9795997280372848,0.712019316717595,0.1517509727626459,0.5232888508830059,Random forest,4000,novel,7
0.8195529932227075,0.16185044741487084,0.02000881809851242,0.8763242830534225,0.7782425131302737,0.06133493686109441,0.3495182112271817,Gradient boosting,4000,reference,7
0.7890387077499582,0.20167073667998467,0.20207640993373086,0.7105181988168155,0.7616293419725852,0.13890963405526513,0.5502569233996025,Gradient boosting,4000,novel,7
0.832161952439571,0.1557319145530538,0.017661430074724704,0.9617676463264573,0.773774935514362,0.04905166775670373,0.3592316069671221,Neural network,4000,reference,7
0.7924723203003546,0.19537481305062504,0.1936236791509546,0.740562837088732,0.7581783195334215,0.12604340567612687,0.5587096541823787,Neural network,4000,novel,7
0.8363887089482573,0.15351224773632116,0.014003301873374195,1.0096876111963884,0.7723348047566139,0.05003335557038025,0.35125864465720724,Logistic regression,8000,reference,7
0.7831630143039361,0.20440631900778952,0.20472815828392682,0.7271243098578035,0.7555780017062712,0.12048192771084337,0.5476051750494065,Logistic regression,8000,novel,7
0.8182312450217331,0.1618487957355622,0.015813017498602002,1.0983260280579619,0.7463057201615759,0.04182509505703422,0.35427169085999966,Random forest,8000,reference,7
0.7877250140284361,0.20536300683577172,0.22695547648587208,0.9201117982070205,0.7192007708108162,0.13285457809694792,0.5253778568474612,Random forest,8000,novel,7
0.8267651809006773,0.1576541085405795,0.007353086762693324,0.9739021742237873,0.7696823460502568,0.05677154582763338,0.3510382628101113,Gradient boosting,8000,reference,7
0.7851240137606883,0.20551019146505314,0.20959699050280003,0.7227746020905861,0.7532085469050738,0.14320987654320988,0.5427363428305333,Gradient boosting,8000,novel,7
0.8334654755357935,0.15470594320066386,0.008167527822430713,0.9702049894488395,0.778136301262031,0.05491698595146871,0.3481587098836215,Neural network,8000,reference,7
0.7844844601899519,0.20461265718374724,0.20600660543203222,0.7170383670796217,0.7589765520100867,0.13852459016393442,0.546326727901301,Neural network,8000,novel,7
0.8372082534559562,0.15341565844547456,0.03705476796614028,0.9634577585264067,0.7737552006241127,0.04682488774855677,0.37638810129947364,Logistic regression,250,reference,8
0.790361325640728,0.1905732491213331,0.18386475002805938,0.7135314530280283,0.7677213560834869,0.10131852879944483,0.5808019166386074,Logistic regression,250,novel,8
0.8008461219739939,0.1696977765144778,0.04394831202928408,1.3577092829495458,0.7038209238111426,0.041237113402061855,0.3659985660516492,Random forest,250,reference,8
0.7706592638512587,0.22225337269461082,0.267206357988961,1.131607312677428,0.6691257792075557,0.1746987951807229,0.49746030867770574,Random forest,250,novel,8
0.7746277152525975,0.19430325743182797,0.12126032771516441,0.4322910294071603,0.8435956245062883,0.15068027210884355,0.34244456253420574,Gradient boosting,250,reference,8
0.7173029284424698,0.277024307573759,0.25970778720692017,0.31315860958202846,0.8291306847359478,0.29541145240803945,0.5176245155227595,Gradient boosting,250,novel,8
0.7742111468838406,0.18578642993445496,0.08766571788041368,1.7930283510579557,0.6506676154529196,0.0,0.3992632857605777,Neural network,250,reference,8
0.7107480778777497,0.24290378575447927,0.2814984347093627,1.2213110572555819,0.6354209347370078,0.14285714285714285,0.48316823195730396,Neural network,250,novel,8
0.838556958599894,0.15159574634155687,0.02238680288689358,0.8919025606447792,0.7928192065389777,0.05301837270341207,0.3470167709952487,Logistic regression,500,reference,8
0.7674191943016762,0.22000675574603037,0.21990397701977854,0.5789219402309214,0.7771766400523685,0.1689106487148103,0.5447626896468881,Logistic regression,500,novel,8
0.8064676885684321,0.1654949375880328,0.030019202893253983,1.1755754758341455,0.7293141304400794,0.04689203925845147,0.3481290291060419,Random forest,500,reference,8
0.7489767307744554,0.2397615166561781,0.283492023971943,0.87454472138144,0.6890158953989123,0.21553884711779447,0.4811746426947236,Random forest,500,novel,8
0.7906275586367683,0.18348709633851368,0.1030168155829534,0.4832966255654391,0.8427705193616266,0.13139453398738613,0.333383769825486,Gradient boosting,500,reference,8
0.7066451217735144,0.28506910510840416,0.2739387023064439,0.2925769386402392,0.8242271775095252,0.328526890101325,0.5054554147653075,Gradient boosting,500,novel,8
0.7838523132554485,0.18490107678721657,0.09594879822127125,2.129692946293665,0.6462178684453953,0.0,0.39041369272511733,Neural network,500,reference,8
0.7020874136495995,0.253385210716973,0.2980369235621952,1.2994584686299155,0.624319739697179,0.0,0.4666605851739089,Neural network,500,novel,8
0.8379449921592962,0.1515561229584248,0.01892124139159497,0.8969549140015458,0.7946271157187551,0.055069480185280496,0.3364793754374818,Logistic regression,1000,reference,8
0.7593205640530415,0.2321141408919078,0.2378287531973989,0.5587659491754493,0.7747264488842633,0.19223544145272387,0.5268379134692678,Logistic regression,1000,novel,8
0.813335738741007,0.16250611761922942,0.013935322117532458,1.1167556641603202,0.7461383373277336,0.053023255813953486,0.3375900938837636,Random forest,1000,reference,8
0.7533959757070421,0.24302976842298632,0.2857407314547875,0.8288483361796275,0.7068279249087006,0.22504892367906065,0.4789259352118792,Random forest,1000,novel,8
0.803192075932905,0.17274025013786198,0.07790843724572931,0.591268552464022,0.8245756046220631,0.10579937304075235,0.3325806858319307,Gradient boosting,1000,reference,8
0.7251016322911599,0.26566794468332977,0.2591901905122453,0.370051621600336,0.8050971107580395,0.28677494199535963,0.5110202939379354,Gradient boosting,1000,novel,8
0.8241687466173955,0.15727598469952106,0.018479512661296982,1.095570070263936,0.7569901782010149,0.04527938342967245,0.3525191389987204,Neural network,1000,reference,8
0.7272832379578702,0.24489047196689975,0.263266407783361,0.6545964255928558,0.733420972819481,0.2028301886792453,0.5014002588833057,Neural network,1000,novel,8
0.8374634976081392,0.1517990943977508,0.016648385809346272,0.9113201282044806,0.7911904715317108,0.052603327965646804,0.33803966429248666,Logistic regression,2000,reference,8
0.7634400369482157,0.22498055281468252,0.229043836881788,0.5835025468650676,0.7722386393376337,0.17761873780091086,0.5356228297848786,Logistic regression,2000,novel,8
0.8192917247367764,0.1598413438675717,0.015744874719999375,1.0930851191116633,0.7500822363353901,0.0457190357439734,0.34121813152989006,Random forest,2000,reference,8
0.7709675258279389,0.2251621792187597,0.26121476118009546,0.8241729899314428,0.7169419753024302,0.20388349514563106,0.5034519054865711,Random forest,2000,novel,8
0.8190081063560254,0.16249959966031763,0.04772312959248606,0.7438031443027031,0.8040564629258193,0.07498835584536563,0.3338920814663057,Gradient boosting,2000,reference,8
0.7492493350062116,0.24038759119536474,0.24105238665386594,0.49446579304317884,0.7830550412509159,0.2171628721541156,0.5238235101116343,Gradient boosting,2000,novel,8
0.8199396236065652,0.16067969745083543,0.03824565218422329,1.3043871695387608,0.7300834065438428,0.034904013961605584,0.35545924593302575,Neural network,2000,reference,8
0.7230391944992602,0.24343802184218988,0.27095250875661336,0.7702567097099778,0.704419371987137,0.1781818181818182,0.4937141579100533,Neural network,2000,novel,8
0.8382644190643097,0.15123562008492777,0.01904137864311344,0.9256044917144692,0.7908223554134077,0.051871657754010696,0.3353406785857843,Logistic regression,4000,reference,8
0.7680213625395477,0.22468055691734298,0.23287024355024752,0.6041604775811565,0.7702941307640876,0.17506631299734748,0.5317964231164192,Logistic regression,4000,novel,8
0.8241450807761008,0.1573597764866644,0.016606715886049048,1.0914052838679027,0.7563513632159113,0.04889589905362776,0.33850098333792367,Random forest,4000,reference,8
0.7784886858438445,0.22318450402551418,0.2593935201985203,0.8389487935035933,0.7249123465169662,0.18625954198473282,0.5052731464681464,Random forest,4000,novel,8
0.8246745265344881,0.15801925129563613,0.029626582309250277,0.8356530128926521,0.7941293623374729,0.06934306569343066,0.33310725563019516,Gradient boosting,4000,reference,8
0.7628261371579017,0.23119240403463087,0.23864446514129212,0.5671963222001333,0.7748857096062081,0.1902654867256637,0.5260222015253745,Gradient boosting,4000,novel,8
0.8301312995743617,0.1547550147103895,0.013678174904458539,0.9550055612593076,0.7839144886676273,0.05145691258524489,0.3394153426554001,Neural network,4000,reference,8
0.7475590652792974,0.23693752998650347,0.24746884741507189,0.6099685032384913,0.760707977421033,0.1964133219470538,0.5171978192515948,Neural network,4000,novel,8
0.8393085658946233,0.15077450466393835,0.012134703462761952,0.9922520803349263,0.7789717299448145,0.04376899696048632,0.3473993833558083,Logistic regression,8000,reference,8
0.7710990427053207,0.21627290876375824,0.22422843756695673,0.6548468053056591,0.7612795775683614,0.15446559297218154,0.54043822909971,Logistic regression,8000,novel,8
0.8279319870980275,0.15613305367705907,0.022151071295341513,1.1094835378126602,0.7535361174619081,0.04495335029686175,0.3486368864669176,Random forest,8000,reference,8
0.7767514899071603,0.21677565392591683,0.2462608801173922,0.8339542984991083,0.7255508053000341,0.16459627329192547,0.5184057865492744,Random forest,8000,novel,8
0.8302675949954305,0.1550576262945704,0.017387160914420902,0.9480819258401606,0.7791158450236445,0.050492610837438424,0.3456555544698225,Gradient boosting,8000,reference,8
0.7664660056657223,0.2205830672335409,0.22915319181110577,0.6411779462631032,0.7604774770625821,0.15279878971255673,0.5355134748555609,Gradient boosting,8000,novel,8
0.8377873850905696,0.15155748056773116,0.01540763637115765,0.9854301325697189,0.7805386792436841,0.0472972972972973,0.3469102769495397,Neural network,8000,reference,8
0.767666637440694,0.22019378649146962,0.2281884793367719,0.6326921775043352,0.7647237297112677,0.17633928571428573,0.5364781873298948,Neural network,8000,novel,8
0.8073824263233638,0.1704679920611485,0.05873035054658898,0.7098781705385079,0.7925621220183966,0.08434370057986294,0.3817159053138512,Logistic regression,250,reference,9
0.781008986824793,0.19557731707935913,0.17432907759700195,0.5979961621737734,0.7876936332007007,0.12790697674418605,0.5900042557363314,Logistic regression,250,novel,9
0.780355561139094,0.17768388088876622,0.04771949740186722,1.045805131852314,0.7120773087275811,0.08784773060029283,0.38281046001602986,Random forest,250,reference,9
0.7667627815052392,0.20988945760183453,0.238308548862277,0.921000091825184,0.6882715641766374,0.23125,0.5260247844710564,Random forest,250,novel,9
0.7605801399621449,0.21012575867615063,0.14376493999130274,0.3531000482781975,0.8533449936362798,0.17738287560581584,0.3716776561323292,Gradient boosting,250,reference,9
0.7370054516821691,0.23798432661482427,0.21918377554943236,0.3133356978124553,0.8440050375640454,0.23435914778491715,0.5817629517716087,Gradient boosting,250,novel,9
0.6473274865864722,0.2286643442441146,0.1382275718674252,1.7681214429068728,0.5684880622569252,,0.47422197747295136,Neural network,250,reference,9
0.5597671037429579,0.25270744818805985,0.26829547869189635,0.6557653021050547,0.574792108012504,,0.49603785464143696,Neural network,250,novel,9
0.8213392899042673,0.16214390849640234,0.042300648053527234,0.8882966910952962,0.7704651339397124,0.05754908598510494,0.38812544699849433,Logistic regression,500,reference,9
0.7957662487948377,0.1849453875067417,0.17612290423538024,0.7468815070320033,0.7660958551714524,0.08923512747875353,0.5882104290979531,Logistic regression,500,novel,9
0.7999600136090602,0.17050505023205115,0.04097039580467388,1.1669214782165003,0.7164834642149338,0.05799373040752351,0.3782494152985401,Random forest,500,reference,9
0.7797873239445308,0.20788555467644845,0.2430825140184642,1.0678865409566487,0.6853239698769322,0.15555555555555556,0.5212508193148692,Random forest,500,novel,9
0.7787158991365285,0.19038259759751694,0.10541079198766984,0.48674498545015127,0.8169787894622169,0.13790255986787778,0.3826129179794872,Gradient boosting,500,reference,9
0.7545498537767303,0.22084610533238708,0.20596507653540003,0.4361882201965782,0.8114157587157618,0.18562091503267975,0.5765012470729267,Gradient boosting,500,novel,9
0.7931600052011638,0.18764112158280827,0.12155856979134941,2.2941642969540923,0.6297747635419838,0.0,0.4197157269016055,Neural network,500,reference,9
0.6849920211010572,0.2435547001481557,0.2757497682417016,1.2005790925383448,0.6197880558144382,0.0,0.4885835650916318,Neural network,500,novel,9
0.8332475841962833,0.15463163448430836,0.016558870675546438,1.0477596742225912,0.7630770693987,0.04561911658218682,0.3575612321702115,Logistic regression,1000,reference,9
0.7850268111977232,0.20512981012525153,0.2186993900315972,0.7787076007185895,0.7465991675546327,0.11652340019102196,0.5456339433017361,Logistic regression,1000,novel,9
0.8054071817122388,0.16774743735215672,0.03272707715948916,1.2214859148819703,0.7254395895071775,0.04441453566621804,0.35026081557819116,Random forest,1000,reference,9
0.7717283892740405,0.22642814454738713,0.27111056314451876,1.024741173271684,0.685822948307229,0.17966101694915254,0.4932227701888146,Random forest,1000,novel,9
0.7920715003597798,0.17391374849486502,0.04854495893438253,0.671818422875034,0.7896867428005334,0.10126582278481013,0.3477696406088391,Gradient boosting,1000,reference,9
0.7462168854104275,0.23739800357965804,0.23912748666944847,0.5243877748294138,0.7727085131524961,0.20627503337783712,0.5252058466638849,Gradient boosting,1000,novel,9
0.8177642230321611,0.1686220213956667,0.08174421397985064,1.7466769306158958,0.6871989016965108,0.022222222222222223,0.3749487197676791,Neural network,1000,reference,9
0.7189782136272314,0.24268733948136553,0.27955705479960896,1.0202113127358814,0.6640233263921776,0.0,0.4850341774183315,Neural network,1000,novel,9
0.8341078048742336,0.1541766590995486,0.015837560288853508,0.9620036251341261,0.7762140902237598,0.05350553505535055,0.3529951015530167,Logistic regression,2000,reference,9
0.7750712302555407,0.210952815437888,0.2164161672309707,0.6753258560366588,0.760448727135641,0.14040561622464898,0.5479171661023626,Logistic regression,2000,novel,9
0.8100994722578525,0.165462785320092,0.019887475491388102,1.106282685874802,0.7390512874792083,0.056862745098039215,0.35129117735644483,Random forest,2000,reference,9
0.7582950323566404,0.22775845837800202,0.26011034370966724,0.8264216601311787,0.7071561279676349,0.18647166361974407,0.5042229896236661,Random forest,2000,novel,9
0.8099247151091854,0.16576365298692194,0.03477942062160182,0.7805726031666987,0.7874978503061048,0.08324265505984767,0.3442615841541089,Gradient boosting,2000,reference,9
0.7413852873668152,0.23879748854227467,0.24186732561567897,0.5097923489020214,0.768421294248544,0.23925501432664756,0.5224660077176544,Gradient boosting,2000,novel,9
0.8264992696862096,0.15800776182095935,0.029455141199491535,1.1962895562515057,0.7422555458157082,0.0448318804483188,0.3630698265969004,Neural network,2000,reference,9
0.7372366917085453,0.23009497459257433,0.24582526314150455,0.7360841365632976,0.7233885159586048,0.15384615384615385,0.5185080701918288,Neural network,2000,novel,9
0.8352288169894257,0.15368217755512673,0.016108877258412157,1.010480255789456,0.7698487911285955,0.04730179880079947,0.35513788301449767,Logistic regression,4000,reference,9
0.7730245362708348,0.21130307798445047,0.21887320018088435,0.6974173696693037,0.7537983064144944,0.13757523645743766,0.545460133152449,Logistic regression,4000,novel,9
0.81601005232449,0.16285129635230963,0.024014374879150976,1.137911927870075,0.7394820393676761,0.055381400208986416,0.352297304996466,Random forest,4000,reference,9
0.7527855209045919,0.22893330470390744,0.259582173187515,0.8191041539954286,0.7085888312084307,0.18376068376068377,0.5047511601458183,Random forest,4000,novel,9
0.8181868175916656,0.16108621880088253,0.01776778429919807,0.897088942335691,0.7737073849299217,0.07120352867044738,0.34835010911746167,Gradient boosting,4000,reference,9
0.7529195306297809,0.22701911127248933,0.23594161223682394,0.6218495337499979,0.7528036090228454,0.1824623560673162,0.5283917210965093,Gradient boosting,4000,novel,9
0.8283424076695658,0.15703841911444222,0.027843042703722364,1.1425114925963598,0.7487153170371053,0.04385026737967915,0.36521251698158586,Neural network,4000,reference,9
0.736768814256044,0.228418282811574,0.23892085992821244,0.6963336212326884,0.731166254138721,0.1435483870967742,0.525412473405121,Neural network,4000,novel,9
0.8358744407771241,0.1535531876661335,0.015322022618523959,0.9605314430041714,0.7758060676899101,0.0499383477188656,0.35937216646050496,Logistic regression,8000,reference,9
0.7726777147841255,0.20911112899062467,0.20963539720781246,0.6593032150058787,0.7628290068928935,0.13863636363636364,0.5546979361255209,Logistic regression,8000,novel,9
0.8225915531926542,0.1597310847861581,0.01660780160253663,1.07486619653489,0.7488921983974632,0.05102040816326531,0.35859137044543576,Random forest,8000,reference,9
0.7692855261477802,0.21367180226171428,0.23608174386756922,0.8203944005272369,0.7214026105196389,0.15474452554744525,0.5282515894657642,Random forest,8000,novel,9
0.8274722881601175,0.1574358147656886,0.016647252996952192,0.9354025713384843,0.773319461262467,0.054980595084087966,0.3569052423773228,Gradient boosting,8000,reference,9
0.7629278518780793,0.21571000300245685,0.22015189653481643,0.642078484395774,0.7551495322148559,0.15008576329331047,0.5441814367985169,Gradient boosting,8000,novel,9
0.833616162909836,0.15448690310135224,0.02011443131963436,0.9313066324199488,0.7781855659223832,0.057430432208407343,0.3545200149358622,Neural network,8000,reference,9
0.7711025993260344,0.2116011215049727,0.21657409441970354,0.6616107596648074,0.7584951124851594,0.14650205761316873,0.5477592389136298,Neural network,8000,novel,9
0.8318746047918634,0.15949554054361875,0.05323261942991137,1.0854048670825556,0.7469911153256588,0.03770028275212064,0.40473261942991134,Logistic regression,250,reference,10
0.7514776882409021,0.20283890452828504,0.19180508275391883,0.6748164982459957,0.7437885150626662,0.12065439672801637,0.5733615839127478,Logistic regression,250,novel,10
0.7870612161485838,0.17844841417866641,0.06215511572227297,1.4424297951898681,0.6795115509443937,0.03225806451612903,0.3935021780457495,Random forest,250,reference,10
0.7255459697661932,0.22912736608845746,0.2599770109163247,0.9610467749181276,0.6599020953343433,0.31,0.505189655750342,Random forest,250,novel,10
0.7717930973216449,0.19583385661581876,0.10056111907564075,0.48833351869057673,0.8079362568266832,0.1447602131438721,0.3936502865177771,Gradient boosting,250,reference,10
0.6823688739609806,0.2606514457329734,0.2317662011655038,0.2613752564933962,0.806967814081653,0.29390018484288355,0.5557403821448581,Gradient boosting,250,novel,10
0.7580835715397255,0.2008951732108656,0.11998985849430054,2.5633629015618267,0.6075101415056995,,0.42378129386405883,Neural network,250,reference,10
0.6455343013044778,0.25866568051363353,0.2945799073412637,1.1843981362771807,0.5968340706377256,,0.4705867593254029,Neural network,250,novel,10
0.8360789064842955,0.15563020449394838,0.034956592676022594,1.0926676991489466,0.7537834023279365,0.03888419273034658,0.38449899276501104,Logistic regression,500,reference,10
0.7401657113255344,0.22129201739210314,0.22171596628093163,0.6187781278771746,0.7435273087917091,0.1698685540950455,0.5434507003857351,Logistic regression,500,novel,10
0.8086240279966693,0.1697973734543802,0.0598952073797024,1.4665223344230323,0.6937455541219416,0.02666666666666667,0.385328929003985,Random forest,500,reference,10
0.7278883191556165,0.23352013705397867,0.26787170653534365,0.939404747696767,0.6675647175611439,0.19718309859154928,0.497294960131323,Random forest,500,novel,10
0.7877660560369646,0.1811282512100247,0.07115709097763342,0.6445179189428707,0.7887063934135659,0.10948509485094851,0.3837817176011222,Gradient boosting,500,reference,10
0.7097417587624382,0.24668681325880842,0.2373496772522354,0.41514435599740007,0.7759442789150643,0.23646546359676415,0.5370425579914171,Gradient boosting,500,novel,10
0.719883296842271,0.2090434381786241,0.11331715227594549,2.564944257528354,0.5978495143907212,,0.42286455215378943,Neural network,500,reference,10
0.5700212051257754,0.2815138166640815,0.31861425602153737,0.6573807972952961,0.5934855061995714,,0.4465524106451293,Neural network,500,novel,10
0.8408220743569524,0.15352796891690937,0.033777126969727754,1.0194924570459931,0.7668822329856957,0.045038705137227304,0.38527712696972777,Logistic regression,1000,reference,10
0.7705701855344157,0.20151699491283664,0.19485460714560363,0.6634539984266461,0.7609336953151363,0.12616099071207432,0.5703120595210631,Logistic regression,1000,novel,10
0.8153281715753817,0.16487154236522547,0.045801762811723996,1.2567270537299677,0.7185044328975728,0.03508771929824561,0.3804509926148498,Random forest,1000,reference,10
0.7646252681558745,0.21169679932582922,0.2405043104880791,0.9557982232405776,0.6910963358532312,0.15680473372781065,0.5246623561785876,Random forest,1000,novel,10
0.8088371616351164,0.1704376873169776,0.054974756888050494,0.7067322239274942,0.7904443605054707,0.08096514745308311,0.3819792857340908,Gradient boosting,1000,reference,10
0.7471926049036911,0.21791776666120669,0.2053428005420567,0.5053012078661584,0.7749276070922184,0.1750465549348231,0.5629948020046354,Gradient boosting,1000,novel,10
0.8171860534803357,0.17496692300902839,0.1003861585839381,2.001633381509331,0.6577805080827286,0.0,0.41354278988278004,Neural network,1000,reference,10
0.706714420583117,0.23249132274423046,0.2593024072779623,1.0619362835805564,0.6473673268431382,0.0,0.5058642593887045,Neural network,1000,novel,10
0.8411791249919724,0.1528175074308309,0.021804745918783473,0.9462646611424942,0.7802113799659391,0.051570835803200946,0.3733047459187835,Logistic regression,2000,reference,10
0.7690242844062325,0.2092954205631613,0.2038594596764833,0.6090949467075274,0.7714106005525976,0.14600550964187328,0.5613072069901833,Logistic regression,2000,novel,10
0.8167982940534982,0.16306676464341932,0.02764776979512128,1.1228407828204967,0.7386816837790842,0.03969957081545064,0.36797317872480767,Random forest,2000,reference,10
0.7595854758878844,0.21801956971756578,0.24500453077554052,0.832129705459579,0.7093115211216727,0.19642857142857142,0.5201621358911263,Random forest,2000,novel,10
0.820318472105998,0.1635421047322129,0.038738573034442406,0.776234986709413,0.7887263487966281,0.07029598308668077,0.3712415929826766,Gradient boosting,2000,reference,10
0.7484953357844111,0.22258787510119524,0.21752711952379808,0.5348299154124395,0.7735847723025928,0.16720674011665587,0.551539631614983,Gradient boosting,2000,novel,10
0.8357963124834042,0.1554632989334486,0.024850954289406924,0.9234400591331141,0.7831741323056807,0.05714285714285714,0.3763509542894069,Neural network,2000,reference,10
0.7512748660128845,0.21935219486995758,0.211532160436506,0.5962897610427084,0.770659835119903,0.1476261127596439,0.5536345062301608,Neural network,2000,novel,10
0.8420645618227081,0.1517849872690937,0.01417969425431045,0.9999002824005119,0.7757820869835359,0.04708798017348203,0.3634974660860986,Logistic regression,4000,reference,10
0.7689673952447155,0.2130252560934885,0.2159938774500463,0.6389704031164264,0.7627543986152201,0.15144596651445966,0.5491727892166203,Logistic regression,4000,novel,10
0.8231528204745752,0.16017176421893328,0.02410831645155831,1.1505562833042227,0.7435583502151085,0.038539553752535496,0.3620444177785767,Random forest,4000,reference,10
0.7617882304054326,0.21912575348688157,0.2461215713525778,0.8184347402890364,0.7146035210372114,0.18199608610567514,0.5190450953140889,Random forest,4000,novel,10
0.8280626932170981,0.15831587469510916,0.020114906623781927,0.8896479455874136,0.7795843631411283,0.06031363088057901,0.36468810396841006,Gradient boosting,4000,reference,10
0.7527125540620948,0.22106603470128972,0.21807560787227412,0.5738771391709899,0.7650133012956764,0.15934844192634562,0.5470910587943925,Gradient boosting,4000,novel,10
0.8391980423388938,0.15298344893794405,0.012520690251671367,0.9827914757670303,0.780073296371935,0.04955527318932656,0.36097976344757987,Neural network,4000,reference,10
0.7537175443855267,0.22368857326916813,0.22734718042239926,0.6250175329687115,0.7611342733457583,0.16793893129770993,0.5378194862442673,Neural network,4000,novel,10
0.8419252755169647,0.15166923797337778,0.0118683267159408,1.0048375847038216,0.7771830817093669,0.04467564259485924,0.35494921969646603,Logistic regression,8000,reference,10
0.7725085909590446,0.21413028299721149,0.2215644559030325,0.6555516444320587,0.761156905526085,0.1516103692065986,0.5436022107636341,Logistic regression,8000,novel,10
0.8276809049442251,0.15821799313679516,0.018279271869212115,1.1315713740509548,0.7508873947974547,0.03989120580235721,0.35528565423374736,Random forest,8000,reference,10
0.774117255673032,0.21526016302865603,0.24489212373607194,0.8433263740992404,0.7197764027215353,0.17190388170055454,0.5202745429305948,Random forest,8000,novel,10
0.8360336963185642,0.15447751685787392,0.015006755518155354,0.980103811144853,0.7773123727329105,0.0446821900566394,0.3529984140855332,Gradient boosting,8000,reference,10
0.7639459992001507,0.21913049529997866,0.22840751748609064,0.6470528589989334,0.7549879298289092,0.16793893129770993,0.5367591491805761,Gradient boosting,8000,novel,10
0.8412175109817442,0.1521163259644165,0.012675780963284462,0.9926909496174429,0.779879419449309,0.04519774011299435,0.3571241962552554,Neural network,8000,reference,10
0.7634106536394609,0.21818165295655279,0.2232158253586134,0.6393680845518945,0.7622078975207066,0.16383701188455008,0.5419508413080533,Neural network,8000,novel,10
0.8436492150908033,0.15043589866013005,0.018969499469300686,0.9756046723389354,0.7902849328771162,0.04913606911447084,0.3294438811070712,Logistic regression,250,reference,11
0.8154277446606552,0.19185539162624746,0.20494900432760307,0.795507314755447,0.7675653707938838,0.10090466249130133,0.555550995672397,Logistic regression,250,novel,11
0.7914320941302868,0.17257434218407755,0.03562897958307461,1.107489995257423,0.7354590891804776,0.0818278427205101,0.3266470633432901,Random forest,250,reference,11
0.7929733746874158,0.2270348159644062,0.27998593968662483,1.1168111451482174,0.688446001757466,0.2087227414330218,0.48052966799852476,Random forest,250,novel,11
0.7759142814850831,0.19332353803949665,0.11957321620901776,0.43604948934659327,0.8534065495423511,0.15132207709461612,0.3075224610540586,Gradient boosting,250,reference,11
0.7464963182269536,0.26173009546699005,0.2535319295523135,0.3479018043386008,0.8353382857781595,0.27298850574712646,0.5208509073059895,Gradient boosting,250,novel,11
0.6206986593707787,0.22146498226018912,0.0850535886075222,1.4599448388039757,0.5971559189430463,,0.4119536292737406,Neural network,250,reference,11
0.584011879766925,0.2872514078140367,0.32847470058485806,0.939527256919817,0.58909998960496,,0.43202529941514195,Neural network,250,novel,11
0.8473057773708531,0.14851605667051304,0.016851614038833736,1.1088747299163895,0.7701797413556527,0.041327913279132794,0.34894635078022007,Logistic regression,500,reference,11
0.7918384097924808,0.19963400168200995,0.2085827460474685,0.7748487743820869,0.7526853397339369,0.11363636363636363,0.5519172539525316,Logistic regression,500,novel,11
0.8092812547175915,0.16641294023783818,0.03873557391708618,1.2446822068682684,0.7213395407926966,0.048582995951417005,0.3583096214535134,Random forest,500,reference,11
0.7884696595151068,0.20967138051771458,0.24606786684963325,1.0919491291063992,0.6882687131088903,0.16387959866220736,0.5144321331503667,Random forest,500,novel,11
0.8005692723782935,0.1757885288814701,0.07424873147264281,0.5843846345802798,0.8177112285367172,0.10881257757550683,0.3427755033512501,Gradient boosting,500,reference,11
0.7694331474107717,0.22065522531326853,0.21105059375565277,0.48241429585305196,0.798785579201312,0.18807118807118808,0.5543198699613404,Gradient boosting,500,novel,11
0.8166429030759186,0.1751931812433173,0.10147263758887061,2.292197957287419,0.6635833747808045,0.0,0.374986548873854,Neural network,500,reference,11
0.7258730361347995,0.24677887895013115,0.29047661575734074,1.3257330437437647,0.6342669130996739,0.0,0.47005555694023526,Neural network,500,novel,11
0.8495416706694715,0.14718965375824936,0.011912573549720683,1.0117349627244558,0.7832005437259589,0.041379310344827586,0.35145904321886423,Logistic regression,1000,reference,11
0.7853597153955808,0.20061780860873835,0.19715124399890008,0.6733557872957455,0.7703433624294002,0.12013422818791947,0.5633487560010999,Logistic regression,1000,novel,11
0.8139388041383446,0.16325880949569163,0.022098007769449358,1.1156694566693686,0.7391677153714377,0.05616850551654965,0.35280621110953886,Random forest,1000,reference,11
0.7795851506573631,0.21121616369172663,0.23989653158713492,0.8923462458750189,0.707909739595286,0.1811320754716981,0.5206034684128651,Random forest,1000,novel,11
0.8062698383912451,0.1706050036255709,0.05859635570398524,0.6723473217787678,0.804263022370652,0.0873015873015873,0.3494234006358618,Gradient boosting,1000,reference,11
0.7600395666880331,0.22164500708395046,0.20560581277192969,0.4866953220280372,0.7911451769608058,0.19853326348873757,0.5549340955468584,Gradient boosting,1000,novel,11
0.837862629617358,0.16002787937404211,0.07632354184827532,1.764348331575948,0.6986993294820055,0.016129032258064516,0.37442773116834466,Neural network,1000,reference,11
0.7494260740874947,0.223276922740053,0.2523789407762157,1.0482252885841095,0.676275548310353,0.08791208791208792,0.5081210592237844,Neural network,1000,novel,11
0.8490379299257537,0.14748835898699725,0.010709193509778864,1.0008851627613202,0.7843858170955516,0.042662116040955635,0.3514066357713184,Logistic regression,2000,reference,11
0.7878637450394851,0.19788168345492102,0.19245867913325318,0.6770966185650346,0.7724120327223862,0.11594202898550725,0.5680413208667469,Logistic regression,2000,novel,11
0.8199416636114646,0.16043988503030665,0.022108538740497872,1.1155954895385003,0.7471088959451911,0.043843283582089554,0.3533225875366873,Random forest,2000,reference,11
0.7859090493853087,0.20423389818561585,0.22783005708053644,0.8898957241174406,0.7180999560537161,0.15332197614991483,0.5326699429194636,Random forest,2000,novel,11
0.8280727082553195,0.15773828453867458,0.03407565853716529,0.8183233082228547,0.7980901797738467,0.06642820643842616,0.3486756907955955,Gradient boosting,2000,reference,11
0.774929461214992,0.20902218459461502,0.1973600615496198,0.573412504299415,0.7844161600843563,0.15699658703071673,0.5631399384503801,Gradient boosting,2000,novel,11
0.8451109332449774,0.15000990356438523,0.021633036901020287,0.9539156687880348,0.7877302296889687,0.04709936817920735,0.36376292867053933,Neural network,2000,reference,11
0.773034472461698,0.20282852034425022,0.18685463714023284,0.6237575177878414,0.7792043180510158,0.133419689119171,0.5736453628597671,Neural network,2000,novel,11
0.849905844225864,0.14698557361533648,0.013683852011184675,1.0208035130685615,0.7821124904508072,0.03841676367869616,0.35299805331028444,Logistic regression,4000,reference,11
0.7821169367660454,0.20122735165066705,0.19603149656213564,0.6653129854740817,0.7697833636302994,0.12278308321964529,0.5644685034378643,Logistic regression,4000,novel,11
0.828405880496178,0.15674743585166234,0.020142432874248207,1.1216396423174066,0.7508978981155309,0.04741379310344827,0.3548638657188773,Random forest,4000,reference,11
0.7855146635725833,0.2019164089424412,0.2230655930644449,0.8775445944362973,0.7218867624656528,0.12857142857142856,0.5374344069355551,Random forest,4000,novel,11
0.8360249745617664,0.15382835424584507,0.018527196714374125,0.9086021969641324,0.7871078740435329,0.05428091773922775,0.3530234823320724,Gradient boosting,4000,reference,11
0.77900607759823,0.20384117221484432,0.19759086504817244,0.6290366874715599,0.7723120203750881,0.14967320261437908,0.5629091349518276,Gradient boosting,4000,novel,11
0.8482049380561856,0.1481286698072944,0.015695261844725587,1.0025196576087403,0.7840533935577149,0.0403371462974112,0.35937269578541814,Neural network,4000,reference,11
0.7639477379320001,0.20911883180875512,0.19930450323174392,0.628405754147846,0.7687797634076687,0.1524163568773234,0.5611954967682561,Neural network,4000,novel,11
0.849949221560643,0.14689204312908205,0.011524601753537677,1.0375921412991214,0.7825828517293548,0.03884057971014493,0.34466999512227275,Logistic regression,8000,reference,11
0.7733914938026067,0.21110844565663942,0.21106543816494927,0.6440831737583544,0.7659203355127711,0.1492857142857143,0.5494345618350508,Logistic regression,8000,novel,11
0.8327980194448094,0.15489886332233657,0.020679058310863325,1.131080522563559,0.7565323442711912,0.04451772464962902,0.34651154177456633,Random forest,8000,reference,11
0.7771107075748154,0.21106205991412896,0.2334129493410343,0.836347642023511,0.7252850459692002,0.1273792093704246,0.5270870506589657,Random forest,8000,novel,11
0.8419980580677923,0.15029800852909245,0.013509826948100465,1.001974532772069,0.7824610878457466,0.045427375971309025,0.34457844258374204,Gradient boosting,8000,reference,11
0.7756637112132,0.21162494269803717,0.21581821963293457,0.6614525735374978,0.7616858931835456,0.15225424981522542,0.5446817803670654,Gradient boosting,8000,novel,11
0.849191466085296,0.14751271591401965,0.01649046946734705,1.0379123503137397,0.7823779045276199,0.037943696450428395,0.3502667715617561,Neural network,8000,reference,11
0.7644168526883584,0.2135952137568591,0.21182751795770247,0.6478208325336626,0.7631755484652584,0.15266558966074315,0.5486724820422975,Neural network,8000,novel,11
0.8329881880348653,0.155915160829459,0.03364997504638248,0.8102399020244422,0.801816641713049,0.07492931196983978,0.3450076862531144,Logistic regression,250,reference,12
0.7663045589400146,0.22109470120339741,0.2130770928292039,0.5339059287693703,0.7878213164765439,0.18671747414262385,0.5497562405041294,Logistic regression,250,novel,12
0.7938368762382071,0.17209011670938343,0.024448324564181386,1.1405687701920626,0.7257586179347757,0.05929919137466307,0.34889222864278113,Random forest,250,reference,12
0.7606857041785664,0.23556974537349812,0.28382947200160014,0.9816825609391054,0.6821384876415904,0.31004366812227074,0.4790038613317331,Random forest,250,novel,12
0.7814598166756407,0.19742835333393458,0.13413352967686956,0.39234719475668384,0.8598791184034831,0.16316590563165906,0.34284638917783933,Gradient boosting,250,reference,12
0.7340980928965768,0.26287380263934823,0.2538224993566092,0.30331694016979077,0.8430468230642266,0.28765725943556614,0.5358951021707989,Gradient boosting,250,novel,12
0.767256531352104,0.18803198570599314,0.08097315985097424,1.9907781972237828,0.6610581508466755,0.0,0.3682281822752519,Neural network,250,reference,12
0.7012684185386586,0.2672996600712747,0.3189352803774709,1.3073742724275919,0.6308537039693033,0.0,0.44395790315808076,Neural network,250,novel,12
0.8362311845073653,0.1531614999641738,0.01075508075679164,0.9767103413425803,0.7790818683446087,0.056707317073170734,0.34798486851027033,Logistic regression,500,reference,12
0.7780698229759817,0.2091050745952244,0.21310615245406123,0.6727493510442696,0.7626918631098044,0.14657738095238096,0.5497271808792721,Logistic regression,500,novel,12
0.7947987104794573,0.1707899650045586,0.017178156965583485,1.1225057133048337,0.7295743290180178,0.06578947368421052,0.346769198718636,Random forest,500,reference,12
0.7637909981328317,0.22990905138633635,0.27240310723520694,0.920795634117825,0.6932866934601992,0.2956204379562044,0.4904302260981265,Random forest,500,novel,12
0.7845213153813764,0.18485002372884682,0.09302388847527873,0.5286994547502275,0.8251905551419453,0.1290448343079922,0.34051175057356486,Gradient boosting,500,reference,12
0.751993030630251,0.2395261300660136,0.23570166271430812,0.42133520287436327,0.8106101530543053,0.2309027777777778,0.5397853505420916,Gradient boosting,500,novel,12
0.8217912001764482,0.1601835156307729,0.01041929208594178,1.087522792334097,0.7564908546336369,0.033203125,0.3515130392263501,Neural network,500,reference,12
0.7321266726556489,0.237557724176892,0.2516770193927797,0.6756373391661239,0.7326109437062872,0.1617873651771957,0.5111563139405537,Neural network,500,novel,12
0.8379706043307115,0.15231609943553429,0.012686439282828879,0.9725115293952801,0.7815572216113857,0.05542312276519666,0.34637436913348885,Logistic regression,1000,reference,12
0.772766641112925,0.21222358694228907,0.21401385854459262,0.6460140313601395,0.7653161691124984,0.15467625899280577,0.5488194747887407,Logistic regression,1000,novel,12
0.8031900326243611,0.16745680703813606,0.01607539011505115,1.0743230015283534,0.7385179670164862,0.06477732793522267,0.3489969157072413,Random forest,1000,reference,12
0.7726223159551001,0.2207933003137302,0.254549671069648,0.8597145410482812,0.7105926950230672,0.22792607802874743,0.5082836622636853,Random forest,1000,novel,12
0.7950970294763622,0.17660580543530385,0.06672288785381618,0.6227826744594109,0.8079149756511761,0.107095046854083,0.34050875439466594,Gradient boosting,1000,reference,12
0.7510767961841656,0.23769469311187594,0.22754212695635473,0.45799794829636853,0.7980565203819036,0.22102161100196463,0.5366751595960882,Gradient boosting,1000,novel,12
0.8291155428598815,0.15732718599311984,0.021862342552376034,0.9008282674015315,0.7863644384101302,0.06275187104202648,0.35268078463309643,Neural network,1000,reference,12
0.7655970585918684,0.2145464759925703,0.21086782092075246,0.6325507466276903,0.7710977297824699,0.154700222057735,0.5519655124125808,Neural network,1000,novel,12
0.8385832586313223,0.15221133164475936,0.017721054552840645,0.9130800977201768,0.7904261143950971,0.06273258904837853,0.3461142752882867,Logistic regression,2000,reference,12
0.7711300859456315,0.2109087691117026,0.20396450639014882,0.6022448247632454,0.7762369390440529,0.14933837429111532,0.5588688269431845,Logistic regression,2000,novel,12
0.8113171468379897,0.16388413093871404,0.020179202557595772,1.0365255113729646,0.7487566355107181,0.06790123456790123,0.34976049597509745,Random forest,2000,reference,12
0.7681190639561584,0.21644724744890625,0.24227244525424957,0.8029070643964004,0.7171245770487162,0.19429590017825313,0.5205608880790838,Random forest,2000,novel,12
0.8125024758031505,0.16634485290759954,0.047507659979007105,0.719256235124073,0.8020286142765186,0.09002904162633107,0.34435544102561766,Gradient boosting,2000,reference,12
0.7548035327727888,0.224831840184336,0.21529511125773856,0.503110043688133,0.7871526578223066,0.1841095890410959,0.5521665183647195,Gradient boosting,2000,novel,12
0.8238875024391246,0.16309016446519028,0.05993691553708539,1.5470385013314392,0.705896417796248,0.00881057268722467,0.3745521244751182,Neural network,2000,reference,12
0.7330108945534295,0.22585817513949694,0.24817969719691718,0.9328381934823455,0.6863747201352338,0.043209876543209874,0.5146536361364161,Neural network,2000,novel,12
0.8389826882062763,0.15195286742338363,0.012837657883872382,0.9397505228465258,0.7859885850044726,0.05773542600896861,0.34962074330003345,Logistic regression,4000,reference,12
0.7746662058497443,0.20591865008550683,0.1988033812015906,0.6314874218845979,0.7727752244678142,0.13859416445623343,0.5640299521317428,Logistic regression,4000,novel,12
0.8155723494479387,0.16230027980249798,0.012959583928442635,1.0228035010434622,0.7527172786944807,0.06108786610878661,0.35460310681025003,Random forest,4000,reference,12
0.7753122912371138,0.207430463768082,0.22829930875909824,0.8353770671695488,0.7223063816196815,0.15,0.534534024574235,Random forest,4000,novel,12
0.8208102930812977,0.16144471008877664,0.03332646235472565,0.8078909284320532,0.7914844144754182,0.06894736842105263,0.3488732852196196,Gradient boosting,4000,reference,12
0.763166561519136,0.21341066091765404,0.2089557874492597,0.5784980427602419,0.7737212787532626,0.16825396825396827,0.5578317212477032,Gradient boosting,4000,novel,12
0.8304250898991633,0.15613621065902258,0.014018452379314691,1.0818989496925544,0.7609877201287906,0.0391644908616188,0.35948290405422706,Neural network,4000,reference,12
0.7485450411948527,0.21730399066725795,0.2192493947226419,0.705512703411156,0.7424160752848868,0.10344827586206896,0.5435839386106914,Neural network,4000,novel,12
0.8387972169282827,0.15193950094307498,0.013616184352897107,0.96754071339195,0.7834716945789887,0.05504055619930475,0.34436589267155976,Logistic regression,8000,reference,12
0.7729783691902022,0.20968914376231673,0.20824389374561084,0.6450230854987264,0.7671332298939063,0.1440677966101695,0.5545894395877224,Logistic regression,8000,novel,12
0.8194222539125027,0.16045369939838083,0.010223160994858824,1.0373167362117341,0.7572713974370326,0.0576,0.347691933068643,Random forest,8000,reference,12
0.7709894456854531,0.21187132997300898,0.23400278500012336,0.8142225769852309,0.724496252269626,0.14905933429811866,0.52883054833321,Random forest,8000,novel,12
0.8243201872465207,0.1587834984998117,0.021334721714480177,0.8859558936865799,0.7822273482014391,0.06286043829296424,0.3440152546881393,Gradient boosting,8000,reference,12
0.7628825173255442,0.21492609385729555,0.21578443050471366,0.624652340754266,0.7602472247387474,0.15954198473282444,0.5470489028286197,Gradient boosting,8000,novel,12
0.8310504594357077,0.15588162638542918,0.016208405300438457,0.9887663982693728,0.7743111332463299,0.048864418444597386,0.3562391632340805,Neural network,8000,reference,12
0.7498482666625315,0.21747740793032327,0.21379984361905713,0.6474255929469394,0.756060071956018,0.14092664092664092,0.5490334897142762,Neural network,8000,novel,12
0.8367686889694105,0.15369096218006684,0.0247863471677333,0.8785594790800818,0.7952345189688369,0.056906363166063116,0.33845937261907094,Logistic regression,250,reference,13
0.7793053815595092,0.21306231476769555,0.22199989279287077,0.6215953020977198,0.777579083119436,0.15317011927181418,0.5533334405404626,Logistic regression,250,novel,13
0.7861321751042463,0.17485678327387394,0.022481369701190933,1.1081824416636463,0.731284059440402,0.06355511420059583,0.3267589997033983,Random forest,250,reference,13
0.7440463053445633,0.25236537177953927,0.31004951631225536,0.843634965888384,0.6821800910836026,0.3701492537313433,0.465283817021078,Random forest,250,novel,13
0.7753642691705498,0.19681851655590882,0.12818885202431107,0.40871418991750486,0.8566581356150861,0.15590062111801242,0.31251478043300185,Gradient boosting,250,reference,13
0.7444619556758715,0.26405741495684354,0.2601863479629039,0.3319468998353926,0.8390274669683774,0.2761061946902655,0.5288369959603361,Gradient boosting,250,novel,13
0.7798948652549544,0.18734918743985282,0.10050143263255278,2.16594069215833,0.6483767177092309,0.0,0.3818237028633831,Neural network,250,reference,13
0.7114996006950203,0.255918925951164,0.31203270937867666,1.489939116720955,0.6164572765721554,,0.46330062395465665,Neural network,250,novel,13
0.8431863692438876,0.15018013207130457,0.01188291352748678,1.016348876056706,0.7811228881675006,0.04894259818731118,0.34027964998224947,Logistic regression,500,reference,13
0.7973296001081823,0.20181128720760177,0.22165909208556503,0.764961234522917,0.7614179496002971,0.11604361370716511,0.5536742412477683,Logistic regression,500,novel,13
0.8007956407987358,0.16884562805055234,0.0260065981642071,1.133785957300054,0.734069746924932,0.06813819577735125,0.33198144741059005,Random forest,500,reference,13
0.7815165488312994,0.22892153751528835,0.2878996191211022,0.9733556323813692,0.6900667519709762,0.2753623188405797,0.4874337142122313,Random forest,500,novel,13
0.7914293761500761,0.17955243357802284,0.07961467690413422,0.5759218033386201,0.8205073118054036,0.11392931392931394,0.3357171914113359,Gradient boosting,500,reference,13
0.7561396329966245,0.2370238544777911,0.23582391399410768,0.45302086027561134,0.804322476698398,0.21982151244715828,0.5429233634085829,Gradient boosting,500,novel,13
0.8036406133379208,0.1745274695094803,0.08025415631509095,1.7984037396905195,0.6821491586484296,0.0,0.36542027894424217,Neural network,500,reference,13
0.7226724857181495,0.24908284259890695,0.30117143975208494,1.1399136063540807,0.6502240007621314,0.15384615384615385,0.47416189358124833,Neural network,500,novel,13
0.8488216268921882,0.1474487934773909,0.010975443667646571,1.0012113068216628,0.7843916406400597,0.04645760743321719,0.35083212909536904,Logistic regression,1000,reference,13
0.76987036621242,0.21674244578693425,0.22585591468026467,0.628042465699355,0.7691622664793085,0.14732453092425296,0.5494774186530686,Logistic regression,1000,novel,13
0.8219547715334515,0.16102998039066457,0.03829944987133975,1.2302528838345466,0.7350947130380262,0.05543478260869565,0.34632531239413683,Random forest,1000,reference,13
0.7680691881989432,0.22784153959779882,0.27560381149223223,0.879022732054489,0.7013100240145741,0.26575342465753427,0.49972952184110103,Random forest,1000,novel,13
0.8142630948499522,0.16551110122978496,0.05126405858439721,0.7081920650537167,0.805556677256314,0.08780943484353106,0.3435910463306829,Gradient boosting,1000,reference,13
0.7405424998277758,0.24655563770154185,0.2473994847601181,0.4234413632567407,0.796749041779812,0.2586295723853684,0.5304783701309599,Gradient boosting,1000,novel,13
0.8345683169232213,0.15455647310916626,0.016973954598496134,1.1107604804463305,0.7623851602778483,0.04382826475849732,0.35268038357556664,Neural network,1000,reference,13
0.7266159413264069,0.24299397761931454,0.26115410101236614,0.6170039957344077,0.7420751977923342,0.19820971867007672,0.5141792323209672,Neural network,1000,novel,13
0.8491650786671324,0.1471729117458647,0.009906646613480676,0.9969074973653781,0.7851677008886043,0.05057471264367816,0.3521546121101841,Logistic regression,2000,reference,13
0.7782991457680051,0.21235946470981612,0.22293699755813146,0.651370443055864,0.77030386163886,0.1421832884097035,0.5523963357752019,Logistic regression,2000,novel,13
0.8329310046951487,0.15612868192520613,0.036271196946000714,1.2080919166420951,0.7436349998157308,0.04896421845574388,0.35058843443131393,Random forest,2000,reference,13
0.7799524980162325,0.21913518462651957,0.2633788200369897,0.8735010773182712,0.7121435075649224,0.18244406196213425,0.5119545132963437,Random forest,2000,novel,13
0.8285371271859184,0.15767432907326223,0.027720807488133332,0.8209037697077434,0.7950541408214667,0.06844305120167189,0.3502825337138209,Gradient boosting,2000,reference,13
0.7629246283146778,0.2267086286537614,0.22997381271808096,0.5076799397783668,0.787663042767283,0.21181716833890746,0.5453595206152524,Gradient boosting,2000,novel,13
0.8361114588681248,0.15453621532433964,0.03280883316728741,1.2449164475289478,0.7445123114906549,0.02594033722438392,0.36541388491083443,Neural network,2000,reference,13
0.7377052657227932,0.2320452017186902,0.2557770663272834,0.7313687340826623,0.725808156520452,0.14285714285714285,0.5195562670060498,Neural network,2000,novel,13
0.8492634179472128,0.14716355153319743,0.011541505902383727,1.0294964156520099,0.7807276244299739,0.04542701393095094,0.35246731913977725,Logistic regression,4000,reference,13
0.7839476208822471,0.2079845560350451,0.22124058334042734,0.6928742718949035,0.7656356823048825,0.1309949892627058,0.554092749992906,Logistic regression,4000,novel,13
0.8333987906720901,0.15516535977102755,0.025145587181955052,1.1640262095161609,0.7501308060347281,0.050966608084358524,0.3502017452130408,Random forest,4000,reference,13
0.7908593923420193,0.21102825293396707,0.25339630094529947,0.9010462215622802,0.720096757734202,0.1736842105263158,0.5219370323880339,Random forest,4000,novel,13
0.8372260524540738,0.15266743969893232,0.012464434038250755,0.9407237003845637,0.7846471937145034,0.0508574807806032,0.3502675706604691,Gradient boosting,4000,reference,13
0.7778047985487241,0.21547865036541683,0.22992519687476504,0.640808511054502,0.7704805997680522,0.1678726483357453,0.5454081364585682,Gradient boosting,4000,novel,13
0.8472896431449,0.14831332505206216,0.01411534362418699,1.0106826983269603,0.7840439679362544,0.047129909365558914,0.35288817587725735,Neural network,4000,reference,13
0.7812752754949214,0.2103081682983852,0.2225284267529629,0.687860630082181,0.7697083959274875,0.13749060856498874,0.5528049065803704,Neural network,4000,novel,13
0.84914962885505,0.14723291645931413,0.014199856476613574,1.052869291116788,0.7786075932060978,0.04207920792079208,0.34910544269774313,Logistic regression,8000,reference,13
0.7796139499044473,0.21217390902180885,0.228103455688553,0.6923733602286323,0.7616670769614322,0.13874147081122062,0.5472298776447803,Logistic regression,8000,novel,13
0.8332477258428393,0.15487811048048503,0.022651871277136006,1.1456331964696862,0.7534836289301277,0.045335658238884045,0.34915659063825916,Random forest,8000,reference,13
0.782040716350582,0.2142298667038906,0.2528377794315848,0.8594727204770507,0.7217845166289897,0.16279069767441862,0.5224955539017486,Random forest,8000,novel,13
0.838386750241158,0.15244473686357174,0.009602308079577716,0.998090441594261,0.7781871123408052,0.04661558109833972,0.347455995798083,Gradient boosting,8000,reference,13
0.7764606525128147,0.21682447143312408,0.23558237960862652,0.675381274685399,0.7612824733318894,0.1578525641025641,0.5397509537247068,Gradient boosting,8000,novel,13
0.8470957847885319,0.1485607633471783,0.017918507351989153,1.0059596325352202,0.7806296263594338,0.04664179104477612,0.36289944825946796,Neural network,8000,reference,13
0.7800156468868246,0.20420373237246175,0.21012622549541393,0.6682229379121081,0.7699626007833512,0.1282051282051282,0.5652071078379193,Neural network,8000,novel,13
0.8305948298115575,0.1562673015247945,0.014437935894014285,0.912180696040005,0.7825306686458451,0.05950317735413056,0.3424420971662257,Logistic regression,250,reference,14
0.7763182826921888,0.21632267301135266,0.22124713619226388,0.6694005606439808,0.7614078565221797,0.16425855513307985,0.5322528638077362,Logistic regression,250,novel,14
0.7913769959803814,0.17286278487146384,0.024347070396533155,1.0961912599995915,0.7237059066338898,0.05188067444876784,0.35606961790237557,Random forest,250,reference,14
0.7561546978049547,0.23270563627925853,0.27037035326828807,0.9382540602035232,0.6790822121528606,0.27692307692307694,0.4831296467317118,Random forest,250,novel,14
0.7827876731693526,0.18899957849468263,0.10461829214131446,0.46620740639692976,0.8352325251572191,0.1425438596491228,0.34274197025333836,Gradient boosting,250,reference,14
0.7359514811729022,0.2534298793045801,0.2472013628088311,0.3721637327958394,0.8120925224427264,0.2622879512831666,0.5236093851181793,Gradient boosting,250,novel,14
0.6235698393381766,0.2340023065315558,0.1371521933404273,1.9413138486225172,0.55139231602266,,0.4739937606642382,Neural network,250,reference,14
0.6010234860710868,0.25132710358626115,0.2649459070362985,1.3767337692121362,0.5549837492595803,,0.4885540929637015,Neural network,250,novel,14
0.8349510147386018,0.15432460957528962,0.012046705755422564,1.009430199249159,0.7745689613596658,0.053899809765377296,0.3367433918605532,Logistic regression,500,reference,14
0.7580229233003103,0.22947918807504436,0.23928233743533592,0.6535062135757123,0.7491711458244327,0.19056099732858414,0.5142176625646641,Logistic regression,500,novel,14
0.8014466939558211,0.16957789566977172,0.030974431212019857,1.205417805539878,0.723434992296661,0.04857142857142857,0.3505465538797646,Random forest,500,reference,14
0.7316984715157677,0.246438970399279,0.2818415623551893,0.853081562208206,0.6828309094300844,0.28793774319066145,0.4724896601187949,Random forest,500,novel,14
0.7936714975845411,0.1785099939770857,0.06936941571054046,0.5791215464878762,0.8110360823772071,0.11251086012163336,0.3396211238455186,Gradient boosting,500,reference,14
0.7058967101015634,0.26669585258151995,0.2611996994671339,0.35911581206105103,0.7930803829359531,0.27107180020811655,0.5108103361169767,Gradient boosting,500,novel,14
0.7882089955870241,0.18484596803751946,0.09817467251920217,2.1359780190764646,0.6461748534133215,0.0,0.3935727351303661,Neural network,500,reference,14
0.675646173166198,0.2602900126208993,0.2931763635780021,1.0734463549548903,0.6278343364637913,0.0,0.46032363642199803,Neural network,500,novel,14
0.8381577362294256,0.15282667938483838,0.015124316160218008,0.930288826577317,0.787033613001942,0.056253413435281265,0.3384627758718925,Logistic regression,1000,reference,14
0.7714980156460146,0.21934412089061395,0.22152868897608052,0.6353289081649143,0.7650546995888314,0.1667844522968198,0.5319713110239195,Logistic regression,1000,novel,14
0.8098099593121165,0.16539555463702607,0.025205545078415756,1.11658664472554,0.735712464121778,0.050345508390918066,0.34850415460521744,Random forest,1000,reference,14
0.7503650233251512,0.23289678603984118,0.2663766602827414,0.8453501374837907,0.6919599204137703,0.26277372262773724,0.4880494774849706,Random forest,1000,novel,14
0.8089482612383376,0.1690982465298467,0.052366738751949644,0.6793574247119555,0.8065334054186163,0.0900735294117647,0.3379642020298161,Gradient boosting,1000,reference,14
0.7359478918828055,0.24414861956175063,0.24339236251899785,0.4710591052871591,0.7785643626038748,0.24242424242424243,0.518860102245622,Gradient boosting,1000,novel,14
0.8104199087903038,0.17614342818033796,0.09894271170366314,2.061361137453048,0.6617214320791038,0.0,0.38800747483427905,Neural network,1000,reference,14
0.7042671723976413,0.24903565804158784,0.2811047548815133,1.1350135618979207,0.6397870655060968,0.0,0.47242855461158906,Neural network,1000,novel,14
0.8403545131590269,0.15161922475689502,0.009919745539851877,1.0059763474670886,0.7772430051435231,0.048721071863580996,0.3443713110179943,Logistic regression,2000,reference,14
0.7754495249350226,0.21385834776066387,0.21854624238086587,0.6917633119493211,0.7558291192021467,0.15589660743134087,0.534953757619134,Logistic regression,2000,novel,14
0.8179111504468293,0.16167313313190532,0.023121854028813654,1.1259082767232043,0.7429558413772035,0.05655042412818096,0.34827007062957493,Random forest,2000,reference,14
0.7696946964799084,0.2231142103467695,0.2524015285920454,0.8704614059544784,0.7085558024298818,0.218568665377176,0.5010984714079546,Random forest,2000,novel,14
0.8160288134134799,0.1630047873669795,0.02746508399184676,0.7988157037577264,0.7864028137680016,0.08178844056706652,0.3467567371511837,Gradient boosting,2000,reference,14
0.7554257728078073,0.22676856493205325,0.22290499756424614,0.5601747306307621,0.7682898836368267,0.19726027397260273,0.5305950024357539,Gradient boosting,2000,novel,14
0.8354032525721872,0.1540534103110103,0.01494237105281673,1.053879923580875,0.768175298820918,0.039032006245121,0.354520980618146,Neural network,2000,reference,14
0.7664490809099269,0.21514032213723439,0.2195074497518798,0.7387405323804402,0.7467222493198371,0.14888888888888888,0.5339925502481202,Neural network,2000,novel,14
0.8406244545242222,0.15153634777811356,0.011573056405304809,1.0090763207120252,0.7784426912932938,0.049969530773918344,0.3403462912918859,Logistic regression,4000,reference,14
0.7803169014137166,0.2135527691695972,0.2217730966040068,0.7113631003933483,0.7555627368019557,0.1529126213592233,0.5317269033959932,Logistic regression,4000,novel,14
0.8219918624233261,0.16028629389063212,0.026622758813319245,1.1440068462097084,0.7472705425280092,0.055765595463137994,0.3432219174862817,Random forest,4000,reference,14
0.7789435492904497,0.21917058729263084,0.24869948327766672,0.8968776817074116,0.7145314349402491,0.18129770992366412,0.5048005167223333,Random forest,4000,novel,14
0.8236905508229769,0.1590512169058173,0.01722331894723218,0.8895359463250571,0.7810730780105696,0.07624633431085044,0.3416779840593082,Gradient boosting,4000,reference,14
0.7709718855393335,0.2193164686234215,0.22447399874517884,0.6437838386149183,0.7608454539148616,0.18294573643410852,0.5290260012548212,Gradient boosting,4000,novel,14
0.8369229634546594,0.15321718579888008,0.012799592353696067,0.9609415381782052,0.7844623164895637,0.05474452554744526,0.3424226879383882,Neural network,4000,reference,14
0.7751202075686463,0.21721475004717494,0.22010956513434454,0.6633368283539842,0.7673921249845742,0.1632183908045977,0.5333904348656554,Neural network,4000,novel,14
0.840553527307593,0.15167003028962525,0.0129490232225903,1.000721979023122,0.7798868897399283,0.04913121629718394,0.3385637266623291,Logistic regression,8000,reference,14
0.7866914806255354,0.20993086792049293,0.2188481123649693,0.7300681358500137,0.7568607940711033,0.146129541864139,0.5346518876350307,Logistic regression,8000,novel,14
0.8222766776069133,0.15991225384735794,0.015513850195191579,1.094480691191808,0.7547856829553338,0.047818791946308725,0.3384943926114001,Random forest,8000,reference,14
0.7849050610336348,0.21627627125610038,0.2448909955207377,0.8739074027601704,0.7228756584460704,0.20447284345047922,0.5086090044792623,Random forest,8000,novel,14
0.8298967437400891,0.15629875074764932,0.012901063070581087,0.9643485293462832,0.7779014584872024,0.05603985056039851,0.3385060633405659,Gradient boosting,8000,reference,14
0.7799641041079575,0.21659030542591567,0.22703277851553913,0.691152065958183,0.7566493076158644,0.1706924315619968,0.5264672214844609,Gradient boosting,8000,novel,14
0.8368034812110485,0.15314443331118002,0.010601537251547683,0.9888606648159205,0.7784855695245243,0.05124919923126201,0.3467302455668902,Neural network,8000,reference,14
0.7812933378737854,0.21063897443637536,0.21412353122407032,0.7041576804638302,0.7624955703963625,0.15210355987055016,0.5393764687759297,Neural network,8000,novel,14
0.8270872508105873,0.15856568482328684,0.018005560297100917,1.0865612434640004,0.7512778001284238,0.03732638888888889,0.3665528018673042,Logistic regression,250,reference,15
0.7677534478632932,0.21462314986790854,0.22786572650256448,0.7760480084463756,0.7345394844917801,0.11085180863477247,0.5313009401641022,Logistic regression,250,novel,15
0.7838317070701385,0.17720805390366248,0.039317492256084066,1.2745752994678625,0.6983491744105825,0.05421686746987952,0.375251663490321,Random forest,250,reference,15
0.7201150110719048,0.24569968848276708,0.2838516753742274,0.9379436624830467,0.664359050733635,0.22727272727272727,0.47531499129243937,Random forest,250,novel,15
0.7548793696880107,0.20660039112392845,0.12275456348136857,0.408271958131369,0.8266129530083569,0.17500970120294917,0.38072025784702085,Gradient boosting,250,reference,15
0.7120180492937149,0.2552003768608391,0.2369587527489237,0.33024444343472537,0.8132460742354277,0.26073752711496745,0.5449722388507665,Gradient boosting,250,novel,15
0.7233878903040828,0.19839068661246764,0.07617216968474179,1.6604192833436302,0.6413278303152582,0.0,0.39367823375626343,Neural network,250,reference,15
0.6270740925026302,0.2840072981474683,0.32245428189120806,0.7552656017372811,0.6328148252404538,0.5,0.4367123847754587,Neural network,250,novel,15
0.8411612858944928,0.15216178687889143,0.021984146947305914,1.118743995988673,0.7598030975573786,0.037547892720306515,0.3606576142303847,Logistic regression,500,reference,15
0.7550865811553524,0.22059523128627415,0.22750591537477538,0.6989335407529632,0.7413502057705399,0.1326963906581741,0.5316607512918913,Logistic regression,500,novel,15
0.8053562205803741,0.16937133828742523,0.04166547263790845,1.3198543095894002,0.7092663398500575,0.040968342644320296,0.36726282479291505,Random forest,500,reference,15
0.7264061318981004,0.24111894671362286,0.276467227426061,0.869456921117503,0.6737426684581548,0.3010204081632653,0.48309607755522566,Random forest,500,novel,15
0.7861123062592885,0.18222386672021404,0.07930002550958803,0.5879181409003191,0.8030928959049516,0.11058823529411765,0.3674355915368531,Gradient boosting,500,reference,15
0.7088568400821942,0.25611739590467686,0.23566466740996433,0.3841925081332102,0.7899899097047475,0.25799457994579944,0.5289821174971332,Gradient boosting,500,novel,15
0.7946879405349089,0.18345510912907312,0.09957507245995169,2.151179887026186,0.6459249275400483,0.0,0.4005572082937102,Neural network,500,reference,15
0.6416896144394351,0.26877590765308923,0.3002921194436648,0.8126957357785368,0.6332986867534901,0.3333333333333333,0.45887454722300186,Neural network,500,novel,15
0.8431214238930929,0.15159351012334096,0.02532620118961117,1.0886058595409702,0.7615691659419055,0.04185692541856925,0.372405670969769,Logistic regression,1000,reference,15
0.7820716426300616,0.19686741244556208,0.19568922994190416,0.7788415250734535,0.7489845472337722,0.08664259927797834,0.5634774367247625,Logistic regression,1000,novel,15
0.8115831088130614,0.16608379164914888,0.03501428936022812,1.2058650046044972,0.7228190439731051,0.046235138705416116,0.3714510289905749,Random forest,1000,reference,15
0.7646911451350089,0.2117721519099267,0.24190909880767028,0.9904724836332632,0.6885517199390209,0.20179372197309417,0.5185268892261852,Random forest,1000,novel,15
0.805330573914972,0.17097708603194314,0.04607789975450979,0.741855432699259,0.7853884285072772,0.08544125913434514,0.37280378487606547,Gradient boosting,1000,reference,15
0.7546251694969974,0.21133866310115654,0.20038869334662396,0.6065285351344313,0.7647334073807684,0.14767616191904048,0.5602502007011878,Gradient boosting,1000,novel,15
0.8311993882903921,0.16350234490778082,0.08008826287198216,1.6525545407582203,0.692365493412682,0.017964071856287425,0.3980347603238676,Neural network,1000,reference,15
0.7263789364134625,0.2235136230166811,0.24016408426167177,0.9463126046528895,0.6783018006044691,0.05217391304347826,0.5190025824049949,Neural network,1000,novel,15
0.843211187222001,0.15091985943662387,0.016941229379282222,1.0015207313018935,0.7768163587627038,0.0450507614213198,0.35837703554361067,Logistic regression,2000,reference,15
0.7868743044450944,0.19894395437807502,0.197943857458119,0.73497513369228,0.7612656709695527,0.10068130204390613,0.5612228092085476,Logistic regression,2000,novel,15
0.8220678320104335,0.16098604869957128,0.025946818470494376,1.1685056780892644,0.7395837142659399,0.04205128205128205,0.35826615881206286,Random forest,2000,reference,15
0.7757837123355832,0.2093178954283023,0.23828714785602112,0.9410279369481108,0.7046224832458993,0.1475826972010178,0.5208795188106455,Random forest,2000,novel,15
0.8199251752430541,0.16316088254027877,0.028819490355744052,0.7979268923069991,0.7850179290366587,0.07621121393576484,0.3601510751045524,Gradient boosting,2000,reference,15
0.7714755829367326,0.20692376698357273,0.20141527101309434,0.6294419156261997,0.7677115512204562,0.14738292011019283,0.5577513956535722,Gradient boosting,2000,novel,15
0.8407003786791211,0.1522785129223409,0.01748655576752082,0.956468569416424,0.7832476373310657,0.05545286506469501,0.36221189699459744,Neural network,2000,reference,15
0.7687373470728771,0.20713142701946258,0.1990962047801044,0.667425885030678,0.7670546389839228,0.11459129106187929,0.5600704618865624,Neural network,2000,novel,15
0.8439759463589,0.1505406930107702,0.012141199046120049,0.9966077180194601,0.7792459660110287,0.04926108374384237,0.3540875993051318,Logistic regression,4000,reference,15
0.7767714097972113,0.20684282265686044,0.2056190289481934,0.6903410911102907,0.7619743589656621,0.11897590361445783,0.5535476377184733,Logistic regression,4000,novel,15
0.8264976217602918,0.15857737822407486,0.019408827235213106,1.133153737295516,0.7480911727647869,0.044169611307420496,0.3547751220870003,Random forest,4000,reference,15
0.7699170841578704,0.2123807753393415,0.2368234461810288,0.8672324905988444,0.7147977165409727,0.13766730401529637,0.5223432204856379,Random forest,4000,novel,15
0.8305287890536124,0.15681168012066787,0.016654017422052993,0.9136077506399946,0.7778670710284898,0.057125676488274206,0.35483753032085724,Gradient boosting,4000,reference,15
0.7641790647943816,0.21467716337579756,0.2150766930157814,0.6448406227009096,0.7578629283796817,0.1405152224824356,0.5440899736508852,Gradient boosting,4000,novel,15
0.8425341152553816,0.15164695606238268,0.016609239004187593,0.9710977005598923,0.781235887630382,0.05482866043613707,0.36531205742633027,Neural network,4000,reference,15
0.7669286194493294,0.20649070940435535,0.1965853522721823,0.6568662514661099,0.7660367382940126,0.12975912975912976,0.5625813143944844,Neural network,4000,novel,15
0.8447167686080908,0.15022710202463302,0.010117659226995989,1.009859656280282,0.7789054279675335,0.046182266009852216,0.3509158731509329,Logistic regression,8000,reference,15
0.7693076925998656,0.21353217141719885,0.21425547559861965,0.6697453923769563,0.7601096477037611,0.13819875776397517,0.544911191068047,Logistic regression,8000,novel,15
0.8300112149203995,0.1569279429680902,0.018104211255371146,1.1107330447686194,0.754212153665906,0.05646481178396072,0.3521141335116921,Random forest,8000,reference,15
0.7705994021551282,0.2149514826812563,0.2374196579608634,0.8290091753263107,0.7233556122710522,0.1490015360983103,0.5217470087058033,Random forest,8000,novel,15
0.8361664146169383,0.1542362380046009,0.017021818858491345,0.9839441977252097,0.7760415059273498,0.05926860025220681,0.3505662432053021,Gradient boosting,8000,reference,15
0.7652441706326749,0.21674342023858503,0.22093642704135702,0.6793503287358087,0.7545530216084211,0.13395113732097724,0.5382302396253097,Gradient boosting,8000,novel,15
0.8437983737327344,0.15104439164867547,0.012560215904512066,0.974455242808161,0.7863555235994034,0.05199306759098787,0.3440048084625612,Neural network,8000,reference,15
0.776499151090668,0.21257156591588774,0.21453496811195386,0.6694532963973927,0.7675691528051202,0.13772893772893774,0.5446316985547128,Neural network,8000,novel,15
0.8322751093838533,0.15529313461649064,0.01309839097046155,0.9761629117340606,0.7760430473978169,0.06329884357881924,0.3398883541964867,Logistic regression,250,reference,16
0.8217374082256589,0.18912024937838925,0.21077654803100662,0.8808188008560708,0.7593461204618094,0.0951599671862182,0.5552234519689934,Logistic regression,250,novel,16
0.7924841321560645,0.17416806208828142,0.035910019009402605,1.2465480345246365,0.7221838766623203,0.05615942028985507,0.33595327415182785,Random forest,250,reference,16
0.7824055477449733,0.2346370251504554,0.29111638788431426,1.175196969912606,0.683945943915021,0.16265060240963855,0.4748836121156857,Random forest,250,novel,16
0.7699658700561863,0.19979045843397936,0.12589187804258548,0.4006238759233635,0.8493804803448695,0.1616062683643487,0.32082914865556633,Gradient boosting,250,reference,16
0.75019301746347,0.260475383210298,0.2656517664892702,0.37573748511005695,0.8240967602435445,0.26531408505657433,0.5158216231855299,Gradient boosting,250,novel,16
0.6787675765166082,0.21840338716770158,0.11320538886892587,2.3903823221942155,0.5804612777977407,,0.4374692457656942,Neural network,250,reference,16
0.6151733887264783,0.26649123707180716,0.3044387210074233,1.3322303005392473,0.5739253079361962,,0.4616265156055845,Neural network,250,novel,16
0.8388923744265766,0.15220382625383067,0.019478165612286946,1.0160758324289243,0.7774996945463899,0.06223818073010173,0.3344488161909289,Logistic regression,500,reference,16
0.8064556321736478,0.20241052645657898,0.22598068445786534,0.8132879738690569,0.7576664464868861,0.13350125944584382,0.5400193155421346,Logistic regression,500,novel,16
0.805674049537995,0.16762029247255705,0.032601120605819635,1.2316967487800181,0.7313450840524177,0.06265060240963856,0.33684594326083345,Random forest,500,reference,16
0.7829642213345434,0.230529992569095,0.28407403341318127,1.0711476142499445,0.692595647775105,0.19865319865319866,0.48192596658681874,Random forest,500,novel,16
0.7958382965987347,0.17666589910522537,0.07348704772474991,0.5763898251025067,0.8148104926577644,0.11072961373390558,0.34816694244606766,Gradient boosting,500,reference,16
0.7697711561397376,0.22194844827783136,0.21397311470640443,0.4681633857651587,0.8061084974763956,0.19526901669758812,0.5572100087889547,Gradient boosting,500,novel,16
0.800341605844068,0.1771824760534447,0.09004386563751325,1.9474560307701094,0.6720464552568333,0.034482758620689655,0.37049780600911875,Neural network,500,reference,16
0.712406768923305,0.25634715790138035,0.3051387770191792,1.1706244985059988,0.6431161638071766,0.0,0.46095972635591964,Neural network,500,novel,16
0.8419177040243723,0.15065878728812412,0.016756704440939223,0.9732580565181591,0.7857216216122849,0.05752212389380531,0.33300291419006733,Logistic regression,1000,reference,16
0.7718528932628149,0.2244879872567461,0.23951624383596648,0.6372138821183482,0.7654432030264288,0.1947565543071161,0.5264837561640335,Logistic regression,1000,novel,16
0.8181558015327896,0.16234494857624462,0.03271771564222244,1.221968469410114,0.7370451164786723,0.055612770339855816,0.33850460391325793,Random forest,1000,reference,16
0.7707883914911765,0.23363207857504267,0.2816224262436445,0.9382475400870186,0.699720983649882,0.21052631578947367,0.48437757375635554,Random forest,1000,novel,16
0.8162243411077506,0.1649142193451274,0.04738451236498463,0.7012679072286078,0.8068845123649847,0.0870953032375741,0.3360891465096106,Gradient boosting,1000,reference,16
0.7588907361535735,0.23474096538832107,0.2411369380397857,0.5162584052753886,0.7871542277511159,0.20474613686534215,0.5302100746140952,Gradient boosting,1000,novel,16
0.6905887173247183,0.21449705728563845,0.10408414448885722,2.5067234323653955,0.5904158555111427,,0.42338731174502914,Neural network,1000,reference,16
0.6040248674060684,0.27697619212847363,0.31966682034794697,1.174181840823006,0.5824701522746186,,0.44638787463517166,Neural network,1000,novel,16
0.842267987284399,0.1503143736853187,0.015936483096640433,0.9612605138306534,0.7860092611649052,0.056780595369349506,0.3391355348936915,Logistic regression,2000,reference,16
0.7690248116161954,0.2234892952283369,0.2343017551882279,0.6196708036324649,0.7679304798780997,0.19044222539229672,0.531698244811772,Logistic regression,2000,novel,16
0.8181229548170138,0.16178205617562633,0.025761115652042317,1.1429091469630266,0.7447126729140506,0.051865332120109194,0.33828487387191636,Random forest,2000,reference,16
0.7677404047617276,0.23252323270202094,0.27593222725647903,0.8496914422827395,0.7083550031798946,0.259825327510917,0.490067772743521,Random forest,2000,novel,16
0.8173816975893574,0.1627141381282942,0.037827794866478755,0.757985710038104,0.7973869658075173,0.08058968058968059,0.33949907243873473,Gradient boosting,2000,reference,16
0.754932134718906,0.23418537246120805,0.24012113922476294,0.5183117333903108,0.7791503572647792,0.2209373097991479,0.5290816747686237,Gradient boosting,2000,novel,16
0.8368423961875259,0.15292871424147902,0.0185993200706029,0.9192175889167088,0.7919653133852638,0.06320907617504051,0.3431373687083369,Neural network,2000,reference,16
0.7574976940185818,0.22950084181403083,0.23649199887592123,0.5991975052438542,0.771803847401233,0.2051660516605166,0.5295080011240789,Neural network,2000,novel,16
0.8436634824553801,0.14957806763724343,0.015009343471921165,1.0295835563618225,0.7759432588403233,0.05609756097560976,0.3462951235694477,Logistic regression,4000,reference,16
0.7706293903530631,0.2189081977808056,0.23131437342758046,0.6637143471827623,0.7586523519958177,0.17540983606557378,0.5346856265724196,Logistic regression,4000,novel,16
0.8263863550820673,0.15805758440578788,0.026968823156454907,1.1857930328667166,0.743031176843545,0.04878048780487805,0.3485144218872509,Random forest,4000,reference,16
0.7701544015730264,0.22496122414153857,0.26145476793769873,0.8558675241098296,0.7135601758169998,0.1793478260869565,0.5045452320623013,Random forest,4000,novel,16
0.8273376842158416,0.15666966042201175,0.013926920685810891,0.9295454074870917,0.778289175533169,0.06060606060606061,0.34865523806805704,Gradient boosting,4000,reference,16
0.7611293048085912,0.22586738713478174,0.23472191421666944,0.6062043584638481,0.7632280329772715,0.19202363367799113,0.5312780857833306,Gradient boosting,4000,novel,16
0.8316442808536371,0.15817930541647604,0.05445437795095221,1.417661876569129,0.7227122887157145,0.029612756264236904,0.36787400834841605,Neural network,4000,reference,16
0.7326161855100062,0.23527760374307088,0.26262943678669415,0.8288557422648594,0.7013630331698402,0.11372549019607843,0.5033705632133059,Neural network,4000,novel,16
0.8441716260509264,0.14943619590307666,0.014696565298722033,1.0535977380566506,0.7742934542062839,0.054375,0.34252978461921196,Logistic regression,8000,reference,16
0.7742080007637014,0.21847681291611973,0.23460602357236618,0.6905585349566209,0.7550848056215073,0.17530224525043178,0.5313939764276338,Logistic regression,8000,novel,16
0.8290915517634212,0.15670269313445928,0.023878775082721643,1.1608052422759818,0.7495750493577679,0.046875,0.3432566520908991,Random forest,8000,reference,16
0.7758414042682972,0.22253605336101828,0.2583893515425427,0.8431985152205363,0.719692766639145,0.18888888888888888,0.5076106484574572,Random forest,8000,novel,16
0.8335520867408226,0.15432024315810305,0.00962646906652662,1.0039536830064217,0.7743266675622,0.056461731493099125,0.34196926472777983,Gradient boosting,8000,reference,16
0.7717752523561923,0.22136490534151615,0.23899750523480393,0.6950608318941898,0.7529061048756444,0.16213847502191062,0.5270024947651961,Gradient boosting,8000,novel,16
0.8421245893088107,0.15048419308388172,0.011654555723975864,1.0378877434319447,0.7798152044866301,0.05455672659640422,0.33591815371373135,Neural network,8000,reference,16
0.7650381602731471,0.22842108678638623,0.24856843337948759,0.6849392482304577,0.7544499682732314,0.1998001998001998,0.5174315666205124,Neural network,8000,novel,16
0.8378894667123908,0.15705618054500559,0.05305698412050722,0.8573430632987733,0.8113068951158375,0.07637969094922738,0.29977634921282614,Logistic regression,250,reference,17
0.816328542067182,0.20533789548984147,0.22459675847567562,0.7502514918623688,0.7792356497322417,0.13525360050093926,0.5322365748576577,Logistic regression,250,novel,17
0.7919571412809077,0.1762427458693096,0.04533639969332565,1.071995425579698,0.7504246776163115,0.055762081784386616,0.30926588195626115,Random forest,250,reference,17
0.8027637612619105,0.22949625161697315,0.2865608038102285,1.1366956848262562,0.6963745973689371,0.22426470588235295,0.470272529523105,Random forest,250,novel,17
0.777445524871261,0.2040718804679443,0.1491485932453817,0.33988822629457877,0.872481926578715,0.17364428210171395,0.29946437970434864,Gradient boosting,250,reference,17
0.783578798243526,0.24395996673256976,0.23034827966015037,0.3556586402970505,0.8533912288074821,0.24762507916402787,0.5353816539231572,Gradient boosting,250,novel,17
0.5819746965777814,0.22481294589403666,0.05602775026609015,1.0292608560052872,0.6126695547197318,,0.39043176087215353,Neural network,250,reference,17
0.6122017671903798,0.2995116309475993,0.34763658551980026,1.2679345356468872,0.599086986215075,,0.40919674781353305,Neural network,250,novel,17
0.8406813318863482,0.1542942001919745,0.0460634821398835,0.9036906465386338,0.8040266821901116,0.07028301886792453,0.30770034331078,Logistic regression,500,reference,17
0.7864469620255266,0.21913311913995623,0.23098505676784115,0.6641061002846118,0.7723529178692876,0.1649763353617309,0.5258482765654922,Logistic regression,500,novel,17
0.7921369398311086,0.17487467325860256,0.04015948497451623,0.9437962712219671,0.7621990147751249,0.07378335949764521,0.31487073196801263,Random forest,500,reference,17
0.7695597751595056,0.23756623026361467,0.2797872058741447,0.8307157342482984,0.7152245184155835,0.3072289156626506,0.4770461274591886,Random forest,500,novel,17
0.7943894701794129,0.18496350390367378,0.10625769944747478,0.4866389267898261,0.8487271735493557,0.14108019639934533,0.3012320399964655,Gradient boosting,500,reference,17
0.7445585638970742,0.2644822638205519,0.2553513828272015,0.3461758660772173,0.8252218723222065,0.2919373328238441,0.5048172554744027,Gradient boosting,500,novel,17
0.7637763340097473,0.19257695793632695,0.0779729717356978,2.0972359772474656,0.6792804216874977,0.06451612903225806,0.3322473409087365,Neural network,500,reference,17
0.7165974951545728,0.2930392069561159,0.3570492686056113,1.5301366370989584,0.6348420759781702,0.16666666666666666,0.399784064727722,Neural network,500,novel,17
0.8425212866033901,0.15149481003810555,0.021032038581308594,0.9802201543349811,0.7875984096160258,0.058333333333333334,0.3319095025497343,Logistic regression,1000,reference,17
0.7911253782648051,0.20432550167091162,0.2101857403965416,0.7283099617320594,0.7636374794755213,0.12585812356979406,0.5466475929367917,Logistic regression,1000,novel,17
0.8120162363686726,0.1658676414134522,0.025473337042972895,1.1238582083809936,0.7422623011857699,0.04976958525345622,0.33853537267548706,Random forest,1000,reference,17
0.7804947957977572,0.2180444134526193,0.2533064528945623,0.9518308090128798,0.7024763254793582,0.1820388349514563,0.503526880438771,Random forest,1000,novel,17
0.8061233936282947,0.1706041148539485,0.05547984371702465,0.6767811587428221,0.8078131770503582,0.09776785714285714,0.3349199341984037,Gradient boosting,1000,reference,17
0.7551600911593842,0.23039825107918271,0.22379951375800727,0.500993866774661,0.788899293462775,0.20494505494505494,0.5380339335683155,Gradient boosting,1000,novel,17
0.831193004741548,0.15561325871695195,0.01666390992570339,1.04781317796169,0.7720120239124123,0.05981035740335521,0.3412038645709986,Neural network,1000,reference,17
0.7647837032450814,0.21954049837545556,0.23133642417078204,0.7613009077121906,0.7423777353889477,0.12372448979591837,0.5254969091625513,Neural network,1000,novel,17
0.8433890153304419,0.15044015265271798,0.008340381585764564,0.9754006721089354,0.7825481544395089,0.05626450116009281,0.3531975660510685,Logistic regression,2000,reference,17
0.7719406416506134,0.20437221976567221,0.1930874918847193,0.6497496437412271,0.7669402281264117,0.13202042304886943,0.5637458414486141,Logistic regression,2000,novel,17
0.8190718088403225,0.16234629638055656,0.020983344851488533,1.0771807264990148,0.7466624602663023,0.051188299817184646,0.35919972645143455,Random forest,2000,reference,17
0.7723336793292518,0.2063356348708005,0.22064386743928444,0.8367577200559283,0.718776089745802,0.15669014084507044,0.5361894658940488,Random forest,2000,novel,17
0.8175818408816893,0.1638950563377671,0.03379508145725333,0.7750066299724063,0.7937950814572534,0.07850179579271421,0.35340541240461343,Gradient boosting,2000,reference,17
0.7519894513758507,0.21884032635936534,0.1964927665503703,0.4971639435146484,0.783134564462404,0.18403412553321147,0.5603405667829631,Gradient boosting,2000,novel,17
0.8365329486925737,0.1533788907876158,0.01326207270290163,0.9378683072116156,0.7866404566848286,0.06060606060606061,0.3584874227741557,Neural network,2000,reference,17
0.7588870815126033,0.21100944809932343,0.19569989834255733,0.629321053486524,0.7695872456892094,0.1444184231069477,0.5611334349907761,Neural network,2000,novel,17
0.8437219711030397,0.15023069362299676,0.012413941128812169,0.9755612140011822,0.7827731999467666,0.05406976744186046,0.3533504100686896,Logistic regression,4000,reference,17
0.7640104574587276,0.21022260723553926,0.19901193376191198,0.6228806669370276,0.7661876198154131,0.13994169096209913,0.5578213995714214,Logistic regression,4000,novel,17
0.8247297456264124,0.15980027881840164,0.014786919213812165,1.0923381936064738,0.7516092740535489,0.047701647875108416,0.35615840090347517,Random forest,4000,reference,17
0.7678107273023382,0.21126764439513862,0.2249877152775853,0.8148806189675893,0.7242439014630166,0.1390625,0.531845618055748,Random forest,4000,novel,17
0.8280071155458718,0.158582584755912,0.020460247761024664,0.8727763442683254,0.7849602477610247,0.06545247581104155,0.35165873820181326,Gradient boosting,4000,reference,17
0.7511996026153609,0.22011862414842032,0.2083065465686012,0.5611356594674325,0.7676304287774014,0.18030412744388125,0.5485267867647321,Gradient boosting,4000,novel,17
0.8361529144091993,0.15334996474831206,0.008540689052209213,0.9914761069505438,0.7783646400028665,0.05697050938337802,0.3572345835928318,Neural network,4000,reference,17
0.7453844863922778,0.22087924772063328,0.21218137723078226,0.6215462168336278,0.7576224424827662,0.1632075471698113,0.544651956102551,Neural network,4000,novel,17
0.8431465670824376,0.15044067125949068,0.013849603913197634,0.9733903873674564,0.7824935508850637,0.056362579895409645,0.35406437051078354,Logistic regression,8000,reference,17
0.7533241795602597,0.21614524905108184,0.2037871395022398,0.5875536967165247,0.7659374161733057,0.15973741794310722,0.5541223774558934,Logistic regression,8000,novel,17
0.8302996078858818,0.15702541854454619,0.01829435691212552,1.1115032020394207,0.7534939109730867,0.0457190357439734,0.3559867781646464,Random forest,8000,reference,17
0.7584671772030902,0.21499419007841214,0.22509008305903652,0.7683038859113233,0.726598278149493,0.1501416430594901,0.5317432502742969,Random forest,8000,novel,17
0.8341240373995582,0.15474112475819254,0.009636776523950265,0.9469676596120755,0.7786633165520183,0.05665024630541872,0.35385991905139286,Gradient boosting,8000,reference,17
0.7453007923090194,0.2226336762502659,0.2136060171763776,0.5771763516826076,0.7590018467521056,0.17557861133280128,0.5432273161569557,Gradient boosting,8000,novel,17
0.8416576939728923,0.15116778027452027,0.01255605977639326,0.9497134112925852,0.7903019722311189,0.061878453038674036,0.342888901603934,Neural network,8000,reference,17
0.7522605326626537,0.22207681107394622,0.2149485348757253,0.5968437954006188,0.7664160195300882,0.1782573940847322,0.541884798457608,Neural network,8000,novel,17
0.8381204357831742,0.1518796775364465,0.033156389564157104,1.2199206763814328,0.7486769437691762,0.03835360149672591,0.35259441215605763,Logistic regression,250,reference,18
0.7318006419784128,0.23735841994110313,0.2579634710454969,0.6698229257532159,0.7243437197955154,0.18467852257181944,0.5102031956211698,Logistic regression,250,novel,18
0.7917122123420408,0.1739327207190474,0.05862099659826776,1.4613239969631624,0.6902123367350657,0.032327586206896554,0.3599745202428679,Random forest,250,reference,18
0.6872079585482658,0.26514518172736107,0.314348496324103,0.8765246319536447,0.6464698387452531,0.2556390977443609,0.45381817034256366,Random forest,250,novel,18
0.7540402527122209,0.20091270830687036,0.11586138907899096,0.4016583909141899,0.8253420882648512,0.15422885572139303,0.33923296404403025,Gradient boosting,250,reference,18
0.6560714284043082,0.30296062885203445,0.30989376751951203,0.23298896528686833,0.7971645740113805,0.37481769567331064,0.4915170712721878,Gradient boosting,250,novel,18
0.7902608766052949,0.18087495587331087,0.09147547281137973,2.073171681285688,0.6566398850116516,0.0,0.3805667104745159,Neural network,250,reference,18
0.6424461938703679,0.27636270398934987,0.31918849578389996,0.8007656058729326,0.6365859362652947,1.0,0.4489781708827667,Neural network,250,novel,18
0.842662192790979,0.1489654213932785,0.020424815871836255,1.0830088695548534,0.7687741565855376,0.04332874828060523,0.3483164547497732,Logistic regression,500,reference,18
0.7571260180945012,0.22166188888141436,0.23317155917136806,0.6601780541981876,0.7486259139730416,0.15808491418247517,0.5349951074952985,Logistic regression,500,novel,18
0.8080065851503073,0.1666709688735664,0.04861307152563756,1.386658700694382,0.7104305472507012,0.03728813559322034,0.3528694900640674,Random forest,500,reference,18
0.7296793274309835,0.24450657490755273,0.29048550943475837,0.9411005260909256,0.6700644580034677,0.16019417475728157,0.47768115723190824,Random forest,500,novel,18
0.7824546075749841,0.1847080570054393,0.0881230280244041,0.5226553564330665,0.8191617664028518,0.12133550488599348,0.3501829012005872,Gradient boosting,500,reference,18
0.7156915976758503,0.2554931324294704,0.2506807565523152,0.3696231657613963,0.8022865576859096,0.2591522157996146,0.5356576659151718,Gradient boosting,500,novel,18
0.7899832254496341,0.1841698249006547,0.11496779988970224,2.4232482282147902,0.6471959401537154,0.0,0.378813048128338,Neural network,500,reference,18
0.6605520814697091,0.2750494104903044,0.3248201086341763,1.0632507646895508,0.6230800425933883,1.0,0.4433465580324903,Neural network,500,novel,18
0.8429386022151745,0.14867098983313018,0.013854057435227867,1.0301419067930546,0.7759442690506151,0.045165394402035625,0.347805956681487,Logistic regression,1000,reference,18
0.7580642318447061,0.22146080861552495,0.22930360225088695,0.6302935672593891,0.7567593179959755,0.1606425702811245,0.5388630644157797,Logistic regression,1000,novel,18
0.8169330201355449,0.16184809514763646,0.0401392359581638,1.2903837346574758,0.7248955737942645,0.04308093994778068,0.35271262603234627,Random forest,1000,reference,18
0.7363575687801147,0.2377113509021201,0.2761141937328642,0.8642242713511146,0.688180059790895,0.1794871794871795,0.49205247293380244,Random forest,1000,novel,18
0.8120938063552064,0.16405092539139257,0.04024085357137914,0.7483254283716848,0.7921694284083088,0.07805907172995781,0.34986244311444664,Gradient boosting,1000,reference,18
0.7358556283232304,0.23633853678221226,0.22816564724043611,0.4911758495695463,0.7772592615976047,0.18600478468899523,0.5411191192644965,Gradient boosting,1000,novel,18
0.8032983119529941,0.1803076487174006,0.11028856029672646,2.370200347450462,0.6474716433982776,0.0,0.3892790724929649,Neural network,1000,reference,18
0.6708938018464484,0.26227735073502945,0.30591672684611004,1.053670800609327,0.6274308037619187,,0.4622499398205566,Neural network,1000,novel,18
0.8442786788126216,0.14858885275614803,0.022786161404077142,1.0422742310541413,0.7720532742819575,0.0409670920080591,0.3600557856118941,Logistic regression,2000,reference,18
0.7744456155001957,0.2024952444336162,0.20325191231703676,0.6896429546296221,0.7587846648660566,0.1254996003197442,0.5649147543496299,Logistic regression,2000,novel,18
0.821517492705759,0.15942494901887477,0.03710715038935743,1.218213909027168,0.7315113843955243,0.04740406320541761,0.36298505167369544,Random forest,2000,reference,18
0.7665995592969028,0.21075895019837337,0.239854395680875,0.9190478439432497,0.702360302823563,0.1324200913242009,0.5283122709857917,Random forest,2000,novel,18
0.819496947265279,0.16004942991905738,0.03579112494348255,0.8123050140332778,0.7860250147889821,0.07926829268292683,0.35962683752009184,Gradient boosting,2000,reference,18
0.7691318785378964,0.20575513933691358,0.20008649148290605,0.6123928454403144,0.7723598755848919,0.1346031746031746,0.5692154312103253,Gradient boosting,2000,novel,18
0.8108106631454474,0.17793136623442854,0.11523043882545635,2.2632435478889317,0.6477695611745437,0.0,0.4011289076755188,Neural network,2000,reference,18
0.6767219575864993,0.24875432222318658,0.28311832137802445,1.0167358436252487,0.6322992369432134,0.0,0.48504834528864227,Neural network,2000,novel,18
0.8442812864486989,0.14816151355749466,0.013033048696560856,1.0053407210398055,0.779586450910441,0.04313000616142945,0.35068656571586665,Logistic regression,4000,reference,18
0.7688015149929365,0.21033555345749316,0.21257865912590695,0.6471845875378307,0.7627467731532251,0.1403118040089087,0.5555880075407598,Logistic regression,4000,novel,18
0.8234896106190889,0.15737589297055157,0.02572730364935154,1.1317001195247585,0.7474824772409623,0.048401826484018265,0.3522602833897609,Random forest,4000,reference,18
0.7677105977911188,0.2141407300919331,0.23891849453130948,0.8250783804522406,0.7217783920370994,0.15970149253731344,0.5292481721353572,Random forest,4000,novel,18
0.8280909707372321,0.15527442932698438,0.02103647204122346,0.8975154173793913,0.7841673986461307,0.061946902654867256,0.35031159911399484,Gradient boosting,4000,reference,18
0.7629117475436036,0.21360042558634892,0.21029734124851182,0.6090196995988508,0.7693726492924098,0.1464088397790055,0.5578693254181549,Gradient boosting,4000,novel,18
0.8390077770883408,0.15117513092297274,0.02254931192822842,0.9691506791425114,0.781894875958279,0.04785894206549118,0.3603826452615617,Neural network,4000,reference,18
0.7483626493284558,0.21992480880349957,0.21459797763650665,0.6008156034820015,0.7662738035618164,0.15648854961832062,0.5535686890301601,Neural network,4000,novel,18
0.8443303348415817,0.14807633308628862,0.010454239180883736,1.0036532116107906,0.7805709504892672,0.04503956177723676,0.3478438255455555,Logistic regression,8000,reference,18
0.7657273246682833,0.21367046751416943,0.21676915713761954,0.6348498215566944,0.7626531436887375,0.14787154592979837,0.5513975095290471,Logistic regression,8000,novel,18
0.8273972153675196,0.15582271956872537,0.021380291610179323,1.1108747180273097,0.7525261134486054,0.043333333333333335,0.3498051514089046,Random forest,8000,reference,18
0.7706768506402704,0.21338758006674652,0.23867101755884262,0.8105181372193039,0.7252688727606664,0.1485148514851485,0.5294956491078241,Random forest,8000,novel,18
0.8347968173429158,0.15251636285264616,0.01066188412684406,0.958994478935288,0.779905186939523,0.04981549815498155,0.34784855699469064,Gradient boosting,8000,reference,18
0.7678222787628806,0.21289183422710045,0.2169251056331916,0.6391681418708494,0.7627970956808898,0.1525804038893044,0.5512415610334751,Gradient boosting,8000,novel,18
0.8422191430041283,0.14900797758079262,0.012584716152386809,0.9859320723736115,0.7894343896060864,0.05375139977603583,0.32742339733517684,Neural network,8000,reference,18
0.7641890596633754,0.226039831266788,0.23802622903366366,0.6262432289870803,0.7663345747575407,0.18493150684931506,0.530140437633003,Neural network,8000,novel,18
0.8364775955206558,0.1540483359131624,0.019413241122724394,0.8843941984210564,0.7895494699894724,0.061191626409017714,0.35618288835486905,Logistic regression,250,reference,19
0.7865549127838454,0.20057603165460758,0.19658991744836585,0.6494667667306865,0.7751980708007763,0.13071065989847716,0.5660767492183009,Logistic regression,250,novel,19
0.7984908470075046,0.17127516824604444,0.03742517351643098,1.2797932539674222,0.7117414931502356,0.04054054054054054,0.3587639743655217,Random forest,250,reference,19
0.7784684811326315,0.22024399168681605,0.26619132784507443,1.1542814512805302,0.6700528303829348,0.18461538461538463,0.4964753388215922,Random forest,250,novel,19
0.7889857294029721,0.18636010101115988,0.10111129684335801,0.484878428252372,0.8390120612636894,0.13476425052779734,0.3478462625851256,Gradient boosting,250,reference,19
0.7608908165219612,0.2246576295086996,0.20863420233838217,0.4226610712539076,0.8207339572116172,0.20130134200894673,0.5686867564652215,Gradient boosting,250,novel,19
0.685641102896895,0.22783037097717207,0.13659171619850818,3.349372394469973,0.5507416171348252,,0.47068914124534256,Neural network,250,reference,19
0.6351947078553468,0.24749281029401005,0.27099166430087823,2.0023227940478026,0.5512075790767877,,0.4916750023657884,Neural network,250,novel,19
0.8358377345917469,0.15396822473036878,0.013878965571378767,1.0862230012932004,0.7620854759637213,0.050746268656716415,0.354798606804671,Logistic regression,500,reference,19
0.8040381975819124,0.19435106621695358,0.2119317322148976,0.8757332345816287,0.7429917634509611,0.09852216748768473,0.5507349344517691,Logistic regression,500,novel,19
0.8053884427456424,0.1694787503858361,0.041581526965040645,1.3393821467659273,0.7095245176329196,0.03619047619047619,0.3630142012092046,Random forest,500,reference,19
0.7795879945195254,0.21826650417953344,0.2629832666889212,1.1887604953861282,0.6712484490409759,0.16783216783216784,0.49968339997774547,Random forest,500,novel,19
0.788569398275369,0.17916035660361884,0.06348424998567483,0.6196070603478607,0.8023175833190082,0.112375533428165,0.33895361679825337,Gradient boosting,500,reference,19
0.7383530707354442,0.2479857725223985,0.24507192413773976,0.4634778741929543,0.7811911088547459,0.2257126236183828,0.5175947425289269,Gradient boosting,500,novel,19
0.806190926339508,0.1842493906646243,0.11394582381630478,2.5887028414210147,0.6370343530391452,0.0,0.3970961106177049,Neural network,500,reference,19
0.7423196317376444,0.23972441369989717,0.2849851729743746,1.7635446024692316,0.6132750383394774,,0.4776814936922921,Neural network,500,novel,19
0.8381405985955804,0.1532614982290685,0.025697541635674618,0.9831407954684837,0.7863585605567175,0.05895691609977324,0.3242287802381387,Logistic regression,1000,reference,19
0.796031106358529,0.21044443604303278,0.23148943842029723,0.7496947672023851,0.7576273627012167,0.1450320512820513,0.5311772282463694,Logistic regression,1000,novel,19
0.8211980293211963,0.16207665694789206,0.03199681507114103,1.2260127164126133,0.7443273697379296,0.05167173252279635,0.3306928456228835,Random forest,1000,reference,19
0.7961477383220713,0.21963965329892543,0.2679282352048501,1.030682228164779,0.7020617170150076,0.2154255319148936,0.4947384314618166,Random forest,1000,novel,19
0.8090318746532354,0.1678793601722832,0.05242276767916172,0.6683842005179002,0.8094227676791617,0.10749774164408311,0.3282760960990657,Gradient boosting,1000,reference,19
0.778084593163157,0.22212445964103783,0.22104910795841312,0.5215620711413951,0.7917453932999188,0.18591403417918176,0.5416175587082536,Gradient boosting,1000,novel,19
0.8222011338135284,0.16542060555083662,0.07289249502491377,1.6703610200469503,0.7089867539016462,0.02181818181818182,0.34569696324930677,Neural network,1000,reference,19
0.747642192779131,0.24180189969672305,0.2873484253080548,1.095100518496686,0.6726735595594033,0.13402061855670103,0.47531824135861184,Neural network,1000,novel,19
0.8381581926329611,0.15265964433772922,0.015439924291519294,0.9975011328021379,0.7801414265346972,0.0562273276904474,0.33758472593356065,Logistic regression,2000,reference,19
0.7997395424098375,0.20171130382807184,0.21782942014203585,0.7738104580918562,0.7571104685044464,0.13242375601926162,0.5448372465246308,Logistic regression,2000,novel,19
0.8204769181502167,0.16116818527146734,0.024242675598549358,1.158875180514091,0.7480655447514194,0.05042816365366318,0.3397147983573122,Random forest,2000,reference,19
0.803964535289149,0.20789137405771746,0.2480526021537731,1.0432012206500643,0.7125966113788745,0.1233140655105973,0.5146140645128936,Random forest,2000,novel,19
0.8211377941793304,0.16164545014778994,0.02896838340204765,0.8160912867611196,0.7926350500687143,0.07357679914070892,0.3404643925736516,Gradient boosting,2000,reference,19
0.7894481527952384,0.20966250160340894,0.21764656199303326,0.660042577919383,0.7724281726602706,0.15862068965517243,0.5450201046736334,Gradient boosting,2000,novel,19
0.8333909415876737,0.1548480880373049,0.015771588896253862,0.9603305885294248,0.7865736825199073,0.058577405857740586,0.33509547804987716,Neural network,2000,reference,19
0.7799001384851103,0.21552718146438868,0.2288734265096984,0.7128104997269675,0.7599792642169299,0.15488215488215487,0.5337932401569682,Neural network,2000,novel,19
0.8390128474348932,0.15230304929467275,0.013688065662721958,0.9977670422144483,0.7808286037223862,0.054819277108433734,0.3368574512309118,Logistic regression,4000,reference,19
0.7893261496228491,0.20827279349929093,0.2226931089374199,0.7283761745553027,0.757527386895055,0.14457831325301204,0.5399735577292467,Logistic regression,4000,novel,19
0.8244205483206186,0.159209022010713,0.02480583247191351,1.147884213291097,0.7532090439624649,0.05146406388642413,0.33870874758362335,Random forest,4000,reference,19
0.794134609246091,0.21225934772032753,0.24728988183618547,0.963245636143409,0.7209419236197485,0.11574074074074074,0.5153767848304812,Random forest,4000,novel,19
0.8289574885293597,0.15684004201089627,0.018059813756881215,0.9145483742757209,0.7838360077431413,0.06317586795674444,0.3367233442735386,Gradient boosting,4000,reference,19
0.7866509806906576,0.21264979461146447,0.22657210479643536,0.6831608595693479,0.762306732125824,0.1626724763979666,0.5360945618702313,Gradient boosting,4000,novel,19
0.8351675728206821,0.15383678322797195,0.011913151154008242,0.9863557328759809,0.7806900235265549,0.04832474226804124,0.34728794740750224,Neural network,4000,reference,19
0.7743395561601321,0.21189285408631758,0.21794498984141047,0.6956287902885402,0.7599188637627632,0.14798973481608213,0.5447216768252562,Neural network,4000,novel,19
0.8393901417920578,0.1520249826367136,0.00976965190165006,0.9833826399411862,0.7799058866554495,0.054380664652567974,0.3470600357175972,Logistic regression,8000,reference,19
0.7897702718629686,0.2020804613192166,0.20923297155451623,0.7188994684856465,0.7614034523721867,0.13206106870229006,0.5534336951121505,Logistic regression,8000,novel,19
0.826542462537224,0.1582349641150157,0.01385776925609107,1.0980351131956196,0.7552573228992903,0.04694048616932104,0.34903337102519816,Random forest,8000,reference,19
0.7858678584407166,0.20828373027297592,0.23121291516595016,0.8701164429911713,0.729733239696065,0.11248454882571075,0.5314537515007165,Random forest,8000,novel,19
0.8311313295924011,0.15579409957532525,0.009988928608424253,0.9457338274980577,0.7785117066330479,0.059214501510574016,0.34762550731433217,Gradient boosting,8000,reference,19
0.7850135293077709,0.20677171331577301,0.21409964441494808,0.6951390800298162,0.7607658246337375,0.14529280948851,0.5485670222517186,Gradient boosting,8000,novel,19
0.8337262057444288,0.15443584806316754,0.013353297895432336,1.0058494412945822,0.7751077818970953,0.04775086505190312,0.3540832964854456,Neural network,8000,reference,19
0.7650482856329064,0.21380683211122123,0.2169268085720414,0.6819239843685766,0.7558996213308125,0.15249537892791126,0.5457398580946252,Neural network,8000,novel,19
